class_id,latitude,longitude,class_name,tree_presence,tree_cover,vegetation_height,shrub_presence,herb_presence,graminoid_proxy_ndvi_std,builtup_presence,building_presence,bareSoil_presence,bare_soil_temporal_length,waterbody_presence,artificiality,construction_use,vegetation_artificiality,elev,timber_extraction_rotation,agricultural_activity_type,residential,oilpalm_presence,rubber_presence,mangrove_presence,coffee_presence,other_species_presence
20,-3.245356042,104.6700353,Settlement,0,10.0,0,0,0.0,0,0.9209,1,0,0,0,0,23,1,16,0,0,2,0,0,,,
23,-3.152753891,104.6499782,Waterbody,0,30.0,4,1,0.0,0,0.0,0,0,0,0,0,11,0,6,0,0,0,0,0,,,
13,-3.771293634,104.519826,Other Cropland,0,11.0,0,0,0.978066401,1,0.0,0,0,0,0,0,13,1,15,0,1,0,0,0,,,
23,-3.270692654,104.6072422,Waterbody,0,27.0,0,0,0.0,1,0.0,0,0,0,18,0,11,0,9,0,0,0,0,0,,,
2,-3.689094565,104.5564842,Secondary Dryland Forest,1,53.0,15,0,0.0,0,0.0,0,0,0,0,0,12,0,44,7,0,0,0,0,,,
13,-3.381947226,104.6749938,Other Cropland,0,8.0,0,0,0.936443355,1,0.879995027,0,0,0,0,0,12,1,19,0,1,1,0,0,,,
20,-3.696032927,104.5040809,Settlement,0,14.0,0,0,0.0,0,0.9131,1,0,0,0,0,13,1,27,0,0,1,0,0,,,
20,-3.523554898,104.4693133,Settlement,0,15.0,0,0,0.0,0,0.9275,1,0,0,0,0,13,1,24,0,0,1,0,0,,,
23,-3.415912198,104.7864579,Waterbody,0,,0,0,0.0,1,0.0,0,0,0,85,0,21,0,10,0,0,0,0,0,,,
15,-3.211177033,104.5733084,Rubber agroforestry,1,29.0,9,0,0.0,0,0.0,0,0,0,0,0,12,0,23,0,1,0,0,1,,,1.0
21,-3.408055262,104.7272054,Cleared Land,0,21.0,0,0,0.7579873,1,0.0,0,1,0,0,0,11,0,17,0,0,0,0,1,,,
13,-3.215444392,104.6667578,Other Cropland,0,12.0,0,0,0.900154378,1,0.0,0,1,0,0,0,21,0,8,0,0,0,0,1,,,
23,-3.116336412,104.7816688,Waterbody,0,,0,0,0.0,1,0.0,0,0,2,97,0,21,0,3,0,0,0,0,0,,,
6,-3.568083481,104.6236205,Secondary Swamp Forest,0,26.0,3,1,0.0,0,0.0,0,0,0,12,0,11,0,14,0,0,0,0,1,,,
17,-3.126436276,104.7575451,Paddy Field,0,6.0,0,0,0.932021934,1,0.0,0,0,0,29,0,12,1,5,0,1,0,0,0,,,
20,-3.582120731,104.5911315,Settlement,1,15.0,10,0,0.0,0,0.9447,1,0,0,0,0,13,1,17,0,0,1,0,0,,,
16,-3.355491379,104.7936505,Mixed/home Garden,0,8.0,0,0,0.0,1,0.567929792,0,0,0,5,0,21,1,6,0,1,1,0,0,,,
21,-3.087392387,104.672675,Cleared Land,0,23.0,0,0,0.311101394,0,0.0,0,1,0,0,0,11,0,8,0,0,0,0,0,,,
8,-3.62999364,104.5065602,Rubber monoculture,1,31.0,7,0,0.0,0,0.0,0,0,0,0,0,11,0,35,7,0,0,0,1,,,0.0
9,-3.143545847,104.6136455,Oil palm monoculture,1,25.0,10,0,0.0,0,0.0,0,0,0,0,0,11,0,8,7,1,0,0,0,,,
8,-3.610235363,104.5226308,Rubber monoculture,1,44.0,15,0,0.0,0,0.0,0,0,0,0,0,11,0,37,0,0,0,0,1,,,0.0
23,-3.155028032,104.7599263,Waterbody,0,,0,0,0.0,1,0.0,0,0,2,94,0,21,0,4,0,0,0,0,0,,,
2,-3.718502337,104.5411494,Secondary Dryland Forest,1,39.0,11,0,0.0,0,0.0,0,0,0,0,0,11,0,33,9,0,0,0,1,,,
23,-3.381902635,104.6701646,Waterbody,0,7.0,0,0,0.0,0,0.0,0,0,0,0,0,12,1,13,0,1,0,0,0,,,
21,-3.200038198,104.6395172,Cleared Land,0,2.0,0,0,0.0,0,0.897781667,0,1,1,2,0,11,1,19,0,0,1,0,0,,,
13,-3.399315424,104.6915326,Other Cropland,0,14.0,0,0,0.93585615,1,0.0,0,0,0,0,0,12,0,12,0,0,0,0,0,,,
23,-3.534680355,104.5804698,Waterbody,0,17.0,0,0,0.0,0,0.0,0,0,0,1,0,11,0,19,0,0,0,0,0,,,
23,-3.390945692,104.6896062,Waterbody,0,9.0,0,0,0.0,1,0.0,0,0,0,1,0,11,1,13,0,1,0,0,0,,,
16,-3.402936214,104.7357936,Mixed/home Garden,0,23.0,3,0,0.0,1,0.639562344,0,0,0,0,0,12,1,18,0,1,1,0,0,,,
18,-3.140888223,104.699987,Grass or Savanna,0,13.0,0,0,0.902025406,1,0.0,0,0,0,0,0,11,0,4,0,0,0,0,0,,,
16,-3.064615299,104.7135739,Mixed/home Garden,0,12.0,0,0,0.0,0,0.0,0,0,0,0,0,12,1,8,0,1,0,0,0,,,
23,-3.374059076,104.6653755,Waterbody,0,,0,0,0.0,1,0.0,0,0,0,10,0,11,0,15,0,0,0,0,0,,,
23,-3.433240265,104.7689114,Waterbody,0,,0,0,0.0,1,0.0,0,0,0,91,0,21,0,12,0,0,0,0,0,,,
16,-3.222694891,104.6236517,Mixed/home Garden,1,24.0,7,0,0.0,0,0.0,0,0,0,0,0,11,0,18,23,1,0,0,1,,,
21,-3.352106921,104.6980072,Cleared Land,0,21.0,0,0,0.535921866,1,0.0,0,1,0,0,0,11,0,15,0,0,0,0,0,,,
21,-3.576457673,104.4935307,Cleared Land,0,30.0,0,0,0.380126277,0,0.0,0,1,0,0,0,11,0,31,0,0,0,0,0,,,
9,-3.524197008,104.418591,Oil palm monoculture,1,60.0,11,0,0.0,0,0.0,0,0,0,0,0,11,0,21,0,1,0,1,0,,,
9,-3.716959488,104.3849738,Oil palm monoculture,1,41.0,12,0,0.0,0,0.0,0,0,0,0,0,11,0,30,5,1,0,1,1,,,
6,-3.193719652,104.6314105,Secondary Swamp Forest,0,15.0,0,0,0.63943399,0,0.0,0,0,0,26,0,11,0,11,0,0,0,0,0,,,
20,-3.199275692,104.6583346,Settlement,0,7.0,0,0,0.0,0,0.9366,1,0,0,0,0,23,1,14,0,0,2,0,0,,,
9,-3.133722447,104.6156298,Oil palm monoculture,1,46.0,11,0,0.0,0,0.0,0,0,0,0,0,12,0,10,7,1,0,1,0,,,
15,-3.381804534,104.5132889,Rubber agroforestry,1,39.0,11,0,0.0,0,0.0,0,0,0,0,0,11,0,24,4,1,0,0,1,,,1.0
21,-3.186473613,104.6457332,Cleared Land,0,0.0,0,0,0.875225427,0,0.0,0,1,1,0,0,12,0,7,0,0,0,0,0,,,
23,-3.568725591,104.5679397,Waterbody,0,6.0,0,0,0.0,1,0.0,0,0,1,72,0,11,0,10,0,0,0,0,0,,,
21,-3.484056181,104.433636,Cleared Land,0,40.0,0,0,0.608356101,0,0.0,0,1,0,0,0,11,0,39,0,0,0,0,0,,,
18,-3.404978483,104.7298318,Grass or Savanna,0,13.0,0,0,0.918335495,1,0.862054037,0,0,0,0,0,11,1,13,0,1,1,0,0,,,
18,-3.304697759,104.6779145,Grass or Savanna,0,14.0,0,0,0.970715732,1,0.62571988,0,0,0,0,0,21,1,12,0,0,1,0,0,,,
9,-3.525944976,104.3711328,Oil palm monoculture,1,78.0,15,0,0.0,0,0.0,0,0,0,0,0,11,0,32,0,1,0,1,0,,,
23,-3.241628234,104.6952203,Waterbody,0,,0,0,0.0,0,0.0,0,0,1,36,0,21,0,9,0,0,0,0,0,,,
21,-3.474228322,104.5742939,Cleared Land,0,8.0,0,0,0.11960193,0,0.0,0,1,0,0,0,11,0,34,0,0,0,0,0,,,
20,-3.34035719,104.6509637,Settlement,0,9.0,0,0,0.0,0,0.9193,1,0,0,0,0,23,1,15,0,0,2,0,0,,,
20,-3.350202885,104.7847902,Settlement,0,10.0,0,0,0.0,1,0.9533,1,0,0,0,0,23,1,13,0,0,2,0,0,,,
13,-3.355629611,104.7043748,Other Cropland,0,12.0,0,0,0.947431171,1,0.195651545,0,0,0,0,0,11,1,20,0,1,1,0,0,,,
8,-3.271022628,104.7260282,Rubber monoculture,0,42.0,3,1,0.0,0,0.0,0,0,0,0,0,11,0,13,0,0,0,0,1,,,0.0
20,-3.337409724,104.655075,Settlement,0,16.0,0,0,0.0,0,0.9824,1,0,0,0,0,23,1,12,0,0,2,0,0,,,
20,-3.339081887,104.6537328,Settlement,0,12.0,0,0,0.0,0,0.921,1,0,0,0,0,23,1,13,0,0,2,0,0,,,
17,-3.06436113,104.7654823,Paddy Field,0,10.0,0,0,0.967865087,1,0.0,0,1,0,0,0,12,1,6,0,1,0,0,0,,,
8,-3.426886046,104.6921123,Rubber monoculture,0,11.0,0,0,0.774836731,1,0.0,0,0,0,0,0,12,0,22,0,0,0,0,0,,,0.0
9,-3.661430302,104.4373237,Oil palm monoculture,1,53.0,13,0,0.0,0,0.0,0,0,0,0,0,11,0,33,0,1,0,1,0,,,
6,-3.138810282,104.6795777,Secondary Swamp Forest,0,13.0,0,0,0.444114154,1,0.0,0,0,0,18,0,11,0,4,0,0,0,0,0,,,
17,-3.0831607,104.7709848,Paddy Field,0,10.0,0,0,0.903397677,1,0.0,0,0,0,38,0,12,1,5,0,1,0,0,0,,,
2,-3.58282081,104.3310187,Secondary Dryland Forest,1,45.0,14,0,0.0,0,0.0,0,0,0,0,0,11,0,59,0,0,0,0,1,,,
13,-3.307078919,104.6095565,Other Cropland,0,9.0,0,0,0.941870601,1,0.50755298,0,0,0,0,0,12,1,26,0,1,1,0,0,,,
8,-3.607644625,104.5154025,Rubber monoculture,1,29.0,6,0,0.0,0,0.0,0,0,0,0,0,12,0,36,0,0,0,0,1,,,0.0
16,-3.355295179,104.7996435,Mixed/home Garden,0,14.0,0,0,0.0,0,0.337211577,0,0,0,0,0,21,1,12,0,1,1,0,0,,,
9,-3.119488997,104.7250383,Oil palm monoculture,1,19.0,10,0,0.0,0,0.0,0,0,0,0,0,11,0,4,0,1,0,1,0,,,
9,-3.120554722,104.7183407,Oil palm monoculture,1,19.0,10,0,0.0,0,0.0,0,0,0,0,0,11,0,6,0,1,0,1,0,,,
16,-3.212697586,104.6308576,Mixed/home Garden,0,13.0,0,0,0.002442628,1,0.0,0,0,0,0,0,21,0,13,0,1,0,0,0,,,
23,-3.241066387,104.7212436,Waterbody,0,20.0,0,0,0.0,0,0.0,0,0,0,41,0,11,0,4,0,0,0,0,0,,,
23,-3.181733588,104.6888036,Waterbody,0,28.0,0,0,0.0,1,0.0,0,0,0,11,0,12,0,7,0,0,0,0,0,,,
8,-3.269519911,104.7316689,Rubber monoculture,0,30.0,5,0,0.394802836,0,0.0,0,0,0,0,0,11,0,10,0,0,0,0,1,,,0.0
16,-3.214151253,104.6306168,Mixed/home Garden,0,14.0,0,0,0.21957579,1,0.0,0,0,0,0,0,21,0,15,0,1,0,0,0,,,
16,-3.210762336,104.631085,Mixed/home Garden,0,12.0,0,0,0.892342894,1,0.092666461,1,0,0,0,0,21,1,19,0,1,1,0,0,,,
20,-3.345801753,104.5822668,Settlement,0,9.0,0,0,0.0,0,0.9659,1,0,0,0,0,22,1,21,0,0,2,0,0,,,
6,-3.246274617,104.6190677,Secondary Swamp Forest,1,22.0,6,0,0.0,0,0.0,0,0,0,28,0,11,0,10,0,0,0,0,0,,,
16,-3.134935323,104.6986003,Mixed/home Garden,0,17.0,0,0,0.631097251,0,0.0,0,0,0,0,0,12,0,4,0,1,0,0,0,,,
6,-3.543442489,104.5372165,Secondary Swamp Forest,0,29.0,0,0,0.112146823,0,0.0,0,0,0,10,0,11,0,15,0,0,0,0,0,,,
17,-3.119114432,104.7950417,Paddy Field,0,8.0,0,0,0.90482781,1,0.0,0,1,0,0,0,21,1,4,0,1,0,0,0,,,
13,-3.309032005,104.5838497,Other Cropland,0,7.0,0,0,0.957036788,1,0.116220955,0,0,0,0,0,11,1,23,0,1,1,0,0,,,
6,-3.261052078,104.695791,Secondary Swamp Forest,1,35.0,8,0,0.0,0,0.0,0,0,0,35,0,11,0,12,0,0,0,0,1,,,
9,-3.123083032,104.7220774,Oil palm monoculture,1,21.0,6,0,0.0,0,0.0,0,0,0,0,0,11,0,3,0,1,0,1,0,,,
17,-3.589705662,104.5957065,Paddy Field,0,9.0,0,0,0.907641536,1,0.0,0,0,0,26,0,11,1,12,0,1,0,0,0,,,
6,-3.538024681,104.5286996,Secondary Swamp Forest,0,31.0,0,0,0.193787181,0,0.0,0,0,0,17,0,11,0,14,0,0,0,0,0,,,
16,-3.135684452,104.6994698,Mixed/home Garden,0,19.0,0,0,0.088304452,0,0.635906946,1,0,0,0,0,12,1,5,0,1,1,0,0,,,
20,-3.588938697,104.5887592,Settlement,0,10.0,0,0,0.0,0,0.9068,1,0,0,0,0,13,1,26,0,0,1,0,0,,,
21,-3.060709127,104.7532644,Cleared Land,0,16.0,0,0,0.0,1,0.653555671,0,1,0,0,0,12,1,7,0,0,1,0,0,,,
20,-3.387110865,104.590962,Settlement,0,7.0,0,0,0.0,0,0.9106,1,0,0,0,0,23,1,14,0,0,2,0,0,,,
20,-3.541061329,104.4695853,Settlement,0,6.0,0,0,0.0,1,0.9755,1,0,2,70,0,13,1,15,0,0,1,0,0,,,
21,-3.307087837,104.5909442,Cleared Land,0,5.0,0,0,0.0,0,0.346099398,0,1,0,0,0,11,1,24,0,1,1,0,0,,,
23,-3.182839445,104.764916,Waterbody,0,,0,0,0.0,1,0.0,0,0,1,66,0,21,0,12,0,0,0,0,0,,,
6,-3.547629584,104.5309559,Secondary Swamp Forest,0,35.0,5,0,0.461461538,0,0.0,0,0,0,17,0,11,0,16,0,0,0,0,0,,,
18,-3.304911796,104.6773794,Grass or Savanna,0,14.0,0,0,0.972051169,1,0.0,0,0,0,0,0,21,0,16,0,0,0,0,0,,,
15,-3.329182683,104.5861819,Rubber agroforestry,1,33.0,15,0,0.0,0,0.0,0,0,0,0,0,11,0,26,0,1,0,0,1,,,1.0
20,-3.444486118,104.5914213,Settlement,0,12.0,0,0,0.0,0,0.9927,1,0,0,0,0,22,1,27,0,0,2,0,0,,,
6,-3.550759873,104.569536,Secondary Swamp Forest,1,42.0,9,0,0.0,0,0.0,0,0,0,31,0,11,0,17,0,0,0,0,0,,,
6,-3.676555573,104.5214669,Secondary Swamp Forest,1,47.0,14,0,0.0,0,0.0,0,0,0,14,0,11,0,26,0,0,0,0,0,,,
9,-3.095730906,104.7376932,Oil palm monoculture,0,7.0,0,0,0.0,1,0.0,0,0,0,0,0,12,1,5,0,1,0,0,0,,,
20,-3.417570984,104.5330026,Settlement,0,11.0,0,0,0.0,0,0.9059,1,0,0,0,0,13,1,26,0,0,1,0,0,,,
21,-3.492434832,104.5470131,Cleared Land,0,5.0,0,0,0.196065701,1,0.0,0,1,0,0,0,11,0,37,0,0,0,0,0,,,
15,-3.737997527,104.5431872,Rubber agroforestry,1,37.0,7,0,0.0,0,0.0,0,0,0,0,0,13,0,27,0,1,0,0,0,,,1.0
20,-3.443518493,104.6713284,Settlement,0,14.0,0,0,0.0,0,0.9948,1,0,0,0,0,23,1,24,0,0,2,0,0,,,
15,-3.552748632,104.3317322,Rubber agroforestry,1,51.0,14,0,0.0,0,0.0,0,0,0,0,0,13,0,26,23,1,0,0,1,,,1.0
6,-3.133914189,104.698792,Secondary Swamp Forest,0,16.0,0,0,0.404903153,0,0.0,0,0,0,15,0,12,0,4,0,0,0,0,0,,,
21,-3.057922189,104.7539288,Cleared Land,0,14.0,0,0,0.491921731,1,0.0,0,1,0,0,0,12,0,5,0,0,0,0,0,,,
20,-3.33386028,104.7747885,Settlement,0,14.0,0,0,0.0,0,0.991,1,0,0,0,0,23,1,16,0,0,2,0,0,,,
2,-3.717726453,104.543477,Secondary Dryland Forest,1,29.0,13,0,0.0,0,0.0,0,0,0,0,0,11,0,44,11,0,0,0,1,,,
20,-3.738091168,104.5457066,Settlement,0,13.0,0,0,0.0,0,0.9093,1,0,0,0,0,13,1,24,0,0,1,0,0,,,
6,-3.545881617,104.518729,Secondary Swamp Forest,0,35.0,0,0,0.209108167,0,0.0,0,0,0,25,0,11,0,14,0,0,0,0,0,,,
8,-3.388626959,104.5574474,Rubber monoculture,0,25.0,5,0,0.763872265,0,0.0,0,0,0,0,0,11,0,28,0,0,0,0,1,,,0.0
20,-3.665332016,104.5735091,Settlement,0,15.0,0,0,0.0,0,0.9409,1,0,0,0,0,13,1,25,0,0,1,0,0,,,
20,-3.209915107,104.6439138,Settlement,0,8.0,0,0,0.0,0,0.9029,1,0,0,0,0,23,1,17,0,0,2,0,0,,,
13,-3.419301115,104.696772,Other Cropland,0,14.0,0,0,0.931572046,1,0.073639514,0,0,0,0,0,11,1,17,0,1,1,0,0,,,
20,-3.69457926,104.4680023,Settlement,0,13.0,0,0,0.0,0,0.9048,1,0,0,0,0,23,1,27,0,0,2,0,0,,,
21,-3.48901916,104.4343896,Cleared Land,0,27.0,5,0,0.420889982,0,0.0,0,1,0,0,0,11,0,48,0,0,0,0,1,,,
6,-3.537074892,104.5373592,Secondary Swamp Forest,0,24.0,0,0,0.70226102,0,0.0,0,0,0,13,0,11,0,13,0,0,0,0,1,,,
21,-3.524611705,104.4433524,Cleared Land,0,5.0,0,0,0.0,0,0.334054667,0,1,0,0,0,11,1,17,0,0,1,0,0,,,
21,-3.400867191,104.6277853,Cleared Land,0,9.0,0,0,0.0,1,0.0,0,1,0,0,0,11,1,17,0,1,0,0,0,,,
9,-3.118423272,104.7229024,Oil palm monoculture,1,18.0,8,0,0.0,0,0.0,0,0,0,0,0,11,0,2,0,1,0,0,0,,,
8,-3.763958413,104.5271835,Rubber monoculture,0,15.0,3,1,0.0,0,0.0,0,0,0,0,0,11,0,23,0,0,0,0,0,,,0.0
6,-3.670834547,104.543914,Secondary Swamp Forest,1,44.0,10,0,0.0,0,0.0,0,0,0,35,0,11,0,25,0,0,0,0,0,,,
20,-3.359535784,104.6265947,Settlement,0,11.0,0,0,0.0,0,0.9257,1,0,0,0,0,23,1,14,0,0,2,0,0,,,
20,-3.268842127,104.6852274,Settlement,1,10.0,6,0,0.0,0,0.9579,1,0,0,0,0,21,1,9,0,0,1,0,0,,,
18,-3.577331657,104.4959074,Grass or Savanna,0,30.0,0,0,0.992470442,0,0.0,0,0,0,0,0,11,0,31,0,0,0,0,0,,,
2,-3.682245386,104.4746419,Secondary Dryland Forest,1,43.0,13,0,0.0,0,0.0,0,0,0,0,0,11,0,44,0,0,0,0,0,,,
9,-3.530118695,104.4303363,Oil palm monoculture,1,64.0,15,0,0.0,0,0.0,0,0,0,0,0,11,0,20,0,1,0,1,0,,,
20,-3.278986582,104.6890845,Settlement,0,11.0,0,0,0.0,0,0.9883,1,0,0,0,0,21,1,13,0,0,1,0,0,,,
21,-3.417455047,104.5785345,Cleared Land,0,46.0,0,0,0.618225169,0,0.0,0,1,0,0,0,11,0,11,0,0,0,0,1,,,
21,-3.414387186,104.6521052,Cleared Land,0,13.0,0,0,0.0,1,0.355312784,0,1,0,0,0,11,1,24,0,1,1,0,0,,,
20,-3.524428882,104.4690234,Settlement,0,13.0,0,0,0.0,0,0.9486,1,0,0,0,0,13,1,25,0,0,1,0,0,,,
18,-3.408670618,104.7225858,Grass or Savanna,0,12.0,0,0,0.999287911,1,0.0,0,1,0,0,0,11,0,19,0,0,0,0,0,,,
20,-3.695034088,104.5036573,Settlement,1,12.0,6,0,0.0,0,0.9302,1,0,0,0,0,13,1,26,0,0,1,0,0,,,
20,-3.396078117,104.5774242,Settlement,0,13.0,0,0,0.0,0,0.9914,1,0,0,0,0,23,1,12,0,0,2,0,0,,,
9,-3.134489413,104.5674403,Oil palm monoculture,1,51.0,10,0,0.0,0,0.0,0,0,0,0,0,12,0,9,0,1,0,1,0,,,
13,-3.316041712,104.5427993,Other Cropland,0,5.0,0,0,0.919932213,1,0.898559956,0,0,0,0,0,11,1,23,0,1,1,0,0,,,
15,-3.199975771,104.5521009,Rubber agroforestry,0,38.0,5,0,0.406261971,1,0.0,0,0,0,0,0,21,0,14,0,1,0,0,1,,,1.0
21,-3.305986439,104.6269559,Cleared Land,0,10.0,0,0,0.0,1,0.852633866,0,1,0,0,0,11,1,20,0,1,1,0,0,,,
8,-3.639433557,104.4620895,Rubber monoculture,1,49.0,6,0,0.0,0,0.0,0,0,0,0,0,11,0,35,18,0,0,0,1,,,0.0
23,-3.563468311,104.5634494,Waterbody,0,8.0,0,0,0.0,1,0.0,0,0,0,65,0,11,0,10,0,0,0,0,0,,,
8,-3.373176174,104.729814,Rubber monoculture,1,43.0,8,0,0.0,0,0.0,0,0,0,0,0,11,0,29,0,0,0,0,1,,,0.0
21,-3.328348831,104.5444268,Cleared Land,0,7.0,0,0,0.0,1,0.0,0,1,0,0,0,11,1,20,0,1,0,0,0,,,
9,-3.539188506,104.4022885,Oil palm monoculture,1,69.0,15,0,0.0,0,0.0,0,0,0,0,0,11,0,25,0,1,0,1,0,,,
21,-3.438863192,104.5158172,Cleared Land,0,29.0,3,1,0.0,0,0.0,0,1,0,0,0,12,0,31,0,0,0,0,1,,,
21,-3.212496927,104.6923129,Cleared Land,0,21.0,0,0,0.0,1,0.0,0,1,0,19,0,11,0,11,0,0,0,0,0,,,
23,-3.069203714,104.783399,Waterbody,0,5.0,0,0,0.0,1,0.0,0,0,0,31,0,21,1,3,0,1,0,0,0,,,
6,-3.544789137,104.534813,Secondary Swamp Forest,1,26.0,6,0,0.0,0,0.0,0,0,0,15,0,11,0,12,0,0,0,0,0,,,
21,-3.108301112,104.6770316,Cleared Land,0,21.0,0,0,0.509052118,1,0.0,0,1,0,0,0,11,0,9,0,0,0,0,0,,,
17,-3.106272221,104.7625482,Paddy Field,0,9.0,0,0,0.991540736,1,0.0,0,1,0,0,0,21,1,3,0,1,0,0,0,,,
2,-3.573889231,104.332673,Secondary Dryland Forest,1,52.0,15,0,0.0,0,0.0,0,0,0,0,0,11,0,44,0,0,0,0,1,,,
18,-3.100519981,104.7082497,Grass or Savanna,0,11.0,0,0,0.904767561,0,0.0,0,0,0,0,0,21,0,4,0,0,0,0,0,,,
9,-3.146622627,104.5767553,Oil palm monoculture,1,34.0,8,0,0.0,0,0.0,0,0,0,0,0,11,0,5,0,1,0,1,0,,,
20,-3.043773461,104.748667,Settlement,0,10.0,0,0,0.0,0,0.955,1,0,0,0,0,30,1,9,0,0,2,0,0,,,
20,-3.20831429,104.6506025,Settlement,0,6.0,0,0,0.0,0,0.9479,1,0,0,0,0,23,1,10,0,0,2,0,0,,,
21,-3.18524736,104.5997331,Cleared Land,0,32.0,0,0,0.001666263,0,0.0,0,1,0,0,0,11,0,17,0,0,0,0,0,,,
13,-3.380970683,104.6771832,Other Cropland,0,12.0,0,0,0.997307832,1,0.008545958,0,0,0,0,0,11,1,22,0,1,1,0,0,,,
13,-3.770977038,104.5205216,Other Cropland,0,13.0,0,0,0.963953487,1,0.0,0,0,0,0,0,13,1,15,0,1,0,0,0,,,
21,-3.34566798,104.7181044,Cleared Land,0,12.0,0,0,0.872326025,1,0.0,0,1,0,0,0,11,0,18,0,0,0,0,0,,,
21,-3.315301501,104.5594897,Cleared Land,0,8.0,0,0,0.0,1,0.0,0,1,0,0,0,11,1,21,0,1,0,0,0,,,
23,-3.117370924,104.7768173,Waterbody,0,,0,0,0.0,1,0.0,0,0,3,96,0,21,0,3,0,0,0,0,0,,,
9,-3.70509382,104.3912166,Oil palm monoculture,1,62.0,13,0,0.0,0,0.0,0,0,0,0,0,11,0,37,4,1,0,1,0,,,
21,-3.39075395,104.6751053,Cleared Land,0,11.0,0,0,0.178298809,1,0.0,0,1,0,0,0,12,0,24,0,0,0,0,0,,,
13,-3.229566365,104.6742759,Other Cropland,0,19.0,0,0,0.939963748,1,0.0,0,0,0,0,0,21,0,6,0,0,0,0,0,,,
23,-3.459459779,104.69481,Waterbody,0,,0,0,0.0,1,0.0,0,0,1,82,0,11,0,11,0,0,0,0,0,,,
9,-3.71684801,104.3804612,Oil palm monoculture,1,50.0,16,0,0.0,0,0.0,0,0,0,0,0,12,0,47,6,1,0,1,0,,,
9,-3.540958769,104.4085848,Oil palm monoculture,1,62.0,15,0,0.0,0,0.0,0,0,0,0,0,11,0,26,0,1,0,1,0,,,
23,-3.169961562,104.7572999,Waterbody,0,,0,0,0.0,0,0.0,0,0,2,94,0,11,0,4,0,0,0,0,0,,,
6,-3.659985554,104.5406009,Secondary Swamp Forest,0,31.0,0,0,0.68979385,0,0.0,0,0,0,16,0,11,0,19,0,0,0,0,0,,,
9,-3.105161905,104.6421882,Oil palm monoculture,1,25.0,6,0,0.0,0,0.0,0,0,0,0,0,12,0,3,0,1,0,0,1,,,
6,-3.66287951,104.5535412,Secondary Swamp Forest,0,33.0,0,0,0.599141047,1,0.0,0,0,0,32,0,11,0,17,0,0,0,0,0,,,
20,-3.538292227,104.5916443,Settlement,0,15.0,0,0,0.0,0,0.9759,1,0,0,0,0,13,1,18,0,0,1,0,0,,,
13,-3.218463204,104.6639307,Other Cropland,0,18.0,0,0,0.979928018,0,0.0,0,0,0,0,0,21,0,11,0,0,0,0,0,,,
8,-3.362710664,104.6783649,Rubber monoculture,0,23.0,5,0,0.157409947,1,0.0,0,0,0,0,0,11,0,17,0,0,0,0,1,,,0.0
8,-3.592251809,104.5485515,Rubber monoculture,0,30.0,0,0,0.073927106,0,0.0,0,0,0,0,0,11,0,19,0,0,0,0,1,,,0.0
20,-3.588140517,104.5890178,Settlement,0,12.0,0,0,0.0,0,0.9186,1,0,0,0,0,13,1,24,0,0,1,0,0,,,
9,-3.171219028,104.5810361,Oil palm monoculture,0,21.0,5,0,0.059415958,0,0.0,0,0,0,0,0,11,0,6,0,1,0,0,0,,,
6,-3.176297944,104.6819054,Secondary Swamp Forest,0,13.0,5,0,0.0,0,0.482998038,1,0,0,29,0,21,1,8,0,0,1,0,0,,,
18,-3.409714048,104.7218589,Grass or Savanna,0,13.0,0,0,0.906581513,1,0.0,0,0,0,0,0,11,1,20,0,1,0,0,0,,,
17,-3.107654543,104.7880409,Paddy Field,0,13.0,0,0,0.93403791,0,0.0,0,0,0,11,0,21,1,5,0,1,0,0,0,,,
13,-3.410472095,104.630318,Other Cropland,0,12.0,0,0,0.922093102,1,0.0,0,0,0,0,0,11,1,21,0,1,0,0,0,,,
20,-3.44492311,104.5906187,Settlement,0,12.0,0,0,0.0,0,0.9498,1,0,0,0,0,22,1,25,0,0,2,0,0,,,
8,-3.639246275,104.4593249,Rubber monoculture,0,55.0,0,0,0.344693527,0,0.0,0,0,0,0,0,11,0,40,0,0,0,0,1,,,0.0
2,-3.737128002,104.564854,Secondary Dryland Forest,1,52.0,13,0,0.0,0,0.0,0,0,0,0,0,11,0,30,0,0,0,0,0,,,
9,-3.544731169,104.4013209,Oil palm monoculture,1,68.0,14,0,0.0,0,0.0,0,0,0,0,0,11,0,16,0,1,0,1,0,,,
23,-3.156740327,104.6414167,Waterbody,0,18.0,0,0,0.812879004,0,0.0,0,0,0,0,0,11,0,7,0,0,0,0,0,,,
9,-3.530314895,104.3825838,Oil palm monoculture,1,59.0,14,0,0.0,0,0.0,0,0,0,0,0,11,0,34,0,1,0,1,0,,,
8,-3.265827775,104.7291808,Rubber monoculture,0,47.0,0,0,0.562776882,0,0.0,0,0,0,0,0,12,0,13,0,0,0,0,1,,,0.0
13,-3.390910019,104.6829087,Other Cropland,0,9.0,0,0,0.94599694,1,0.443781565,0,0,0,0,0,11,1,19,0,1,1,0,0,,,
17,-3.106352485,104.7861948,Paddy Field,0,8.0,0,0,0.978011462,1,0.0,0,0,0,0,0,21,1,4,0,1,0,0,0,,,
6,-3.581077301,104.6184301,Secondary Swamp Forest,0,32.0,0,0,0.676369657,0,0.0,0,0,0,25,0,11,0,21,0,0,0,0,0,,,
16,-3.355696498,104.7940696,Mixed/home Garden,0,9.0,0,0,0.0,1,0.364984399,1,0,0,0,0,21,1,9,0,1,1,0,0,,,
15,-3.21247909,104.5693175,Rubber agroforestry,1,25.0,6,0,0.0,0,0.0,0,0,0,0,0,11,0,21,0,1,0,0,1,,,1.0
13,-3.387552316,104.6648716,Other Cropland,0,10.0,0,0,0.968445577,1,0.0,0,0,0,0,0,11,1,23,0,1,0,0,0,,,
8,-3.351687766,104.691109,Rubber monoculture,1,47.0,14,0,0.0,0,0.0,0,0,0,0,0,11,0,17,0,0,0,0,1,,,0.0
6,-3.116113457,104.7014184,Secondary Swamp Forest,0,11.0,0,0,0.09796794,1,0.0,0,0,0,25,0,13,0,6,0,0,0,0,0,,,
16,-3.545337606,104.5897179,Mixed/home Garden,1,35.0,7,0,0.0,0,0.0,0,0,0,0,0,11,0,16,0,1,0,0,1,,,
2,-3.632900974,104.5328956,Secondary Dryland Forest,1,53.0,15,0,0.0,0,0.0,0,0,0,0,0,11,0,30,0,0,0,0,0,,,
17,-3.062051316,104.7633375,Paddy Field,0,9.0,0,0,0.952557478,1,0.0,0,0,0,22,0,12,1,4,0,1,0,0,0,,,
15,-3.385786512,104.7393877,Rubber agroforestry,1,25.0,6,0,0.0,0,0.0,0,0,0,0,0,11,0,30,9,1,0,0,1,,,1.0
9,-3.140897141,104.6003796,Oil palm monoculture,1,30.0,12,0,0.0,0,0.0,0,0,0,0,0,12,0,1,6,1,0,1,0,,,
20,-3.345494075,104.583386,Settlement,0,19.0,0,0,0.0,0,0.9011,1,0,0,0,0,22,1,18,0,0,2,0,0,,,
2,-3.713066693,104.5288244,Secondary Dryland Forest,1,38.0,15,0,0.0,0,0.0,0,0,0,0,0,12,0,31,0,0,0,0,1,,,
6,-3.159669956,104.7065731,Secondary Swamp Forest,0,11.0,0,0,0.200487787,1,0.0,0,1,0,24,0,11,0,5,0,0,0,0,0,,,
20,-3.460917905,104.5102969,Settlement,0,15.0,0,0,0.0,0,0.9054,1,0,0,0,0,13,1,26,0,0,1,0,0,,,
17,-3.121678415,104.7490416,Paddy Field,0,11.0,0,0,0.972262627,1,0.0,0,0,1,28,0,12,1,2,0,1,0,0,0,,,
6,-3.705624453,104.6049101,Secondary Swamp Forest,0,27.0,3,1,0.0,0,0.0,0,0,0,11,0,11,0,24,0,0,0,0,0,,,
20,-3.441672425,104.6703741,Settlement,0,11.0,0,0,0.0,0,0.9796,1,0,0,0,0,23,1,24,0,0,2,0,0,,,
20,-3.467468325,104.5084731,Settlement,0,12.0,0,0,0.0,0,0.9079,1,0,0,0,0,13,1,27,0,0,1,0,0,,,
8,-3.614832696,104.4837608,Rubber monoculture,1,44.0,14,0,0.0,0,0.0,0,0,0,0,0,11,0,40,16,0,0,0,1,,,0.0
21,-3.198722763,104.6179708,Cleared Land,0,0.0,0,0,0.060483778,0,0.0,0,1,3,0,0,21,0,19,0,0,0,0,0,,,
17,-3.102927895,104.7655715,Paddy Field,0,6.0,0,0,0.959281918,1,0.0,0,0,0,11,0,12,1,4,0,1,0,0,0,,,
9,-3.128986882,104.636262,Oil palm monoculture,1,28.0,10,0,0.0,0,0.0,0,0,0,0,0,11,0,7,4,1,0,1,0,,,
6,-3.264249253,104.6872028,Secondary Swamp Forest,1,37.0,8,0,0.0,0,0.0,0,0,0,11,0,21,0,11,2,0,0,0,1,,,
15,-3.553711798,104.325262,Rubber agroforestry,1,32.0,9,0,0.0,0,0.0,0,0,0,0,0,12,0,35,0,1,0,0,1,,,1.0
23,-3.557711612,104.568176,Waterbody,0,10.0,0,0,0.0,1,0.0,0,0,2,64,0,11,0,10,0,0,0,0,0,,,
8,-3.77786189,104.507064,Rubber monoculture,1,14.0,7,0,0.0,0,0.369912234,1,0,0,0,0,12,1,38,0,0,1,0,0,,,0.0
18,-3.133236405,104.698306,Grass or Savanna,0,16.0,0,0,0.945660001,1,0.0,0,0,0,0,0,12,0,6,0,0,0,0,0,,,
9,-3.548120086,104.4013164,Oil palm monoculture,1,55.0,13,0,0.0,0,0.0,0,0,0,0,0,11,0,24,0,1,0,1,0,,,
6,-3.702275668,104.5979985,Secondary Swamp Forest,1,42.0,6,0,0.0,0,0.0,0,0,0,28,0,11,0,26,0,0,0,0,0,,,
8,-3.381287279,104.7443997,Rubber monoculture,1,39.0,10,0,0.0,0,0.468852601,0,0,0,0,0,12,1,21,0,0,1,0,1,,,0.0
21,-3.107828448,104.7266302,Cleared Land,0,15.0,0,0,0.0,1,0.11383663,0,1,0,0,0,11,1,5,0,0,1,0,0,,,
6,-3.534020408,104.5661114,Secondary Swamp Forest,0,28.0,0,0,0.180005933,0,0.0,0,0,0,36,0,11,0,12,0,0,0,0,0,,,
6,-3.672823306,104.579462,Secondary Swamp Forest,1,39.0,10,0,0.0,0,0.0,0,0,0,10,0,11,0,23,0,0,0,0,0,,,
13,-3.382629468,104.659213,Other Cropland,0,7.0,0,0,0.961349497,1,0.0,0,0,0,0,0,11,1,21,0,1,0,0,0,,,
13,-3.208911809,104.6773125,Other Cropland,0,19.0,0,0,0.987688295,1,0.0,0,0,0,0,0,11,0,5,0,0,0,0,0,,,
13,-3.316853268,104.6363467,Other Cropland,0,11.0,0,0,0.927650902,1,0.571515526,0,0,0,0,0,11,1,17,0,1,1,0,0,,,
20,-3.242595859,104.6677567,Settlement,0,14.0,0,0,0.0,0,0.9659,1,0,0,0,0,23,1,15,0,0,2,0,0,,,
13,-3.306410054,104.5942127,Other Cropland,0,7.0,0,0,0.911279101,1,0.782929734,0,0,0,0,0,11,1,27,0,1,1,0,0,,,
8,-3.607439507,104.5165798,Rubber monoculture,0,28.0,5,0,0.097083385,0,0.0,0,0,0,0,0,12,0,42,0,0,0,0,1,,,0.0
21,-3.481139929,104.4681405,Cleared Land,1,37.0,12,0,0.0,0,0.0,0,1,0,0,0,11,0,46,17,0,0,0,1,,,
20,-3.509245643,104.5926565,Settlement,0,6.0,5,0,0.0,0,0.9362,1,0,0,0,0,13,1,17,0,0,1,0,0,,,
9,-3.097866816,104.62721,Oil palm monoculture,1,27.0,10,0,0.0,0,0.0,0,0,0,0,0,12,0,5,0,1,0,1,0,,,
16,-3.35642779,104.7927453,Mixed/home Garden,0,14.0,0,0,0.0,1,0.0,0,0,0,0,0,21,1,8,0,1,0,0,0,,,
21,-3.379971844,104.7353878,Cleared Land,0,46.0,0,0,0.205560885,1,0.0,0,1,0,0,0,11,0,30,0,0,0,0,0,,,
2,-3.467468325,104.4508437,Secondary Dryland Forest,1,48.0,15,0,0.0,0,0.0,0,0,0,0,0,11,0,42,0,0,0,0,0,,,
13,-3.770517751,104.5211949,Other Cropland,0,11.0,0,0,0.916381164,0,0.0,0,0,0,0,0,13,1,19,0,1,0,0,0,,,
23,-3.151652493,104.6511822,Waterbody,0,26.0,0,0,0.092276534,0,0.0,0,0,0,0,0,11,0,6,0,0,0,0,0,,,
2,-3.636976592,104.5332835,Secondary Dryland Forest,1,51.0,13,0,0.0,0,0.0,0,0,0,0,0,11,0,33,0,0,0,0,0,,,
2,-3.687248497,104.5593916,Secondary Dryland Forest,1,42.0,12,0,0.0,0,0.0,0,0,0,0,0,11,0,33,0,0,0,0,1,,,
17,-3.083009091,104.7722245,Paddy Field,0,8.0,0,0,0.942924976,1,0.0,0,0,0,34,0,12,1,3,0,1,0,0,0,,,
23,-3.429235992,104.7865293,Waterbody,0,,0,0,0.0,1,0.0,0,0,2,92,0,21,0,11,0,0,0,0,0,,,
20,-3.504291581,104.3973568,Settlement,0,9.0,0,0,0.0,0,0.9607,1,0,0,0,0,13,1,38,0,0,1,0,0,,,
23,-3.560034804,104.5903734,Waterbody,0,7.0,0,0,0.0,1,0.630989042,1,0,0,0,0,13,1,20,0,0,1,0,0,,,
17,-3.060236462,104.7695535,Paddy Field,0,,0,0,0.963121545,1,0.0,0,0,0,36,0,30,1,5,0,1,0,0,0,,,
9,-3.528272627,104.4276207,Oil palm monoculture,1,59.0,14,0,0.0,0,0.0,0,0,0,0,0,11,0,23,0,1,0,1,0,,,
9,-3.133428147,104.6001968,Oil palm monoculture,1,43.0,11,0,0.0,0,0.0,0,0,0,0,0,11,0,2,0,1,0,1,0,,,
13,-3.40920571,104.704785,Other Cropland,0,7.0,0,0,0.925381701,1,0.864885871,0,0,0,0,0,13,1,16,0,0,1,0,0,,,
20,-3.443901976,104.5932406,Settlement,0,14.0,0,0,0.0,0,0.9946,1,0,0,0,0,22,1,29,0,0,2,0,0,,,
9,-3.154122835,104.568127,Oil palm monoculture,1,44.0,12,0,0.0,0,0.0,0,0,0,0,0,12,0,4,0,1,0,1,0,,,
21,-3.192096539,104.6281331,Cleared Land,0,3.0,0,0,0.27523475,0,0.0,0,1,2,0,0,11,0,20,0,0,0,0,0,,,
9,-3.709637644,104.388666,Oil palm monoculture,1,67.0,13,0,0.0,0,0.0,0,0,0,0,0,11,0,32,5,1,0,1,1,,,
20,-3.394075981,104.5794977,Settlement,0,11.0,0,0,0.0,0,0.9081,1,0,0,0,0,23,1,18,0,0,2,0,0,,,
18,-3.404875923,104.7314014,Grass or Savanna,0,9.0,0,0,0.96336001,1,0.0,0,0,0,0,0,12,1,15,0,1,0,0,0,,,
8,-3.625235779,104.4698484,Rubber monoculture,1,43.0,9,0,0.0,0,0.0,0,0,0,0,0,11,0,45,18,0,0,0,1,,,0.0
9,-3.132777118,104.6322265,Oil palm monoculture,1,33.0,10,0,0.0,0,0.0,0,0,0,0,0,11,0,5,0,1,0,1,0,,,
6,-3.219631488,104.606114,Secondary Swamp Forest,1,26.0,9,0,0.0,0,0.0,0,0,0,16,0,11,0,8,0,0,0,0,0,,,
9,-3.099882329,104.6257564,Oil palm monoculture,1,34.0,11,0,0.0,0,0.0,0,0,0,0,0,12,0,4,0,1,0,1,0,,,
9,-3.533708271,104.3545851,Oil palm monoculture,1,79.0,15,0,0.0,0,0.0,0,0,0,0,0,11,0,23,23,1,0,1,0,,,
8,-3.26833379,104.7285164,Rubber monoculture,0,33.0,5,0,0.282478796,0,0.0,0,0,0,0,0,11,0,7,0,0,0,0,1,,,0.0
20,-3.388305904,104.5910021,Settlement,0,9.0,0,0,0.0,0,0.9467,1,0,0,0,0,23,1,12,0,0,2,0,0,,,
9,-3.149124182,104.5644973,Oil palm monoculture,1,33.0,10,0,0.0,0,0.0,0,0,0,0,0,11,0,3,0,1,0,1,0,,,
20,-3.553765307,104.3334445,Settlement,1,12.0,6,0,0.0,0,0.9031,1,0,0,0,0,13,1,33,0,0,1,0,0,,,
9,-3.536811805,104.3920014,Oil palm monoculture,1,62.0,14,0,0.0,0,0.0,0,0,0,0,0,11,0,26,0,1,0,1,0,,,
13,-3.300341217,104.6245346,Other Cropland,0,12.0,0,0,0.930334429,1,0.0,0,0,0,0,0,11,0,17,0,0,0,0,0,,,
17,-3.065145932,104.7626731,Paddy Field,0,8.0,0,0,0.92791963,1,0.0,0,0,0,23,0,12,1,6,0,1,0,0,0,,,
8,-3.597170197,104.5846747,Rubber monoculture,1,17.0,9,0,0.0,0,0.392918199,1,0,0,0,0,13,1,23,0,0,1,0,0,,,0.0
2,-3.739656312,104.38414,Secondary Dryland Forest,1,49.0,15,0,0.0,0,0.0,0,0,0,0,0,11,0,42,2,0,0,0,1,,,
2,-3.622319527,104.5638596,Secondary Dryland Forest,1,35.0,10,0,0.0,0,0.0,0,0,0,0,0,11,0,24,0,0,0,0,1,,,
6,-3.218173362,104.6071352,Secondary Swamp Forest,1,34.0,9,0,0.0,0,0.0,0,0,0,36,0,11,0,6,0,0,0,0,0,,,
2,-3.759646462,104.5593693,Secondary Dryland Forest,1,46.0,10,0,0.0,0,0.0,0,0,0,0,0,11,0,26,0,0,0,0,0,,,
20,-3.692224854,104.5623257,Settlement,1,19.0,8,0,0.0,0,0.9763,1,0,0,0,0,13,1,31,0,0,1,0,1,,,
8,-3.355161406,104.6905248,Rubber monoculture,0,17.0,0,0,0.228354631,0,0.0,0,0,0,0,0,11,0,21,0,0,0,0,1,,,0.0
9,-3.131412633,104.6008389,Oil palm monoculture,1,50.0,12,0,0.0,0,0.0,0,0,0,0,0,11,0,4,0,1,0,1,0,,,
23,-3.402267349,104.7546735,Waterbody,0,28.0,0,0,0.0,0,0.0,0,0,0,7,0,12,0,7,0,0,0,0,0,,,
15,-3.714658592,104.4262919,Rubber agroforestry,1,46.0,10,0,0.0,0,0.0,0,0,0,0,0,13,0,31,0,1,0,0,1,,,1.0
20,-3.695158943,104.4679666,Settlement,0,13.0,0,0,0.0,0,0.9655,1,0,0,0,0,23,1,25,0,0,2,0,0,,,
15,-3.547571616,104.3818703,Rubber agroforestry,1,40.0,9,0,0.0,0,0.0,0,0,0,0,0,11,0,35,12,1,0,0,1,,,1.0
9,-3.711769094,104.3811078,Oil palm monoculture,1,56.0,14,0,0.0,0,0.0,0,0,0,0,0,11,0,45,5,1,0,1,0,,,
20,-3.217486661,104.6482882,Settlement,0,12.0,0,0,0.0,0,0.9896,1,0,0,0,0,23,1,23,0,0,2,0,0,,,
2,-3.477635075,104.4453991,Secondary Dryland Forest,1,43.0,14,0,0.0,0,0.0,0,0,0,0,0,11,0,41,0,0,0,0,0,,,
23,-3.556819792,104.4150371,Waterbody,0,10.0,0,0,0.0,1,0.0,0,0,0,57,0,11,0,21,0,0,0,0,0,,,
20,-3.502231477,104.6018779,Settlement,0,20.0,0,0,0.0,0,0.9662,1,0,0,0,0,13,1,18,0,0,1,0,0,,,
2,-3.41902911,104.5121385,Secondary Dryland Forest,1,43.0,15,0,0.0,0,0.0,0,0,0,0,0,11,0,33,9,0,0,0,1,,,
20,-3.748810847,104.3872569,Settlement,0,13.0,0,0,0.0,0,0.9907,1,0,0,0,0,12,1,33,0,0,1,0,0,,,
23,-3.069582738,104.7833945,Waterbody,0,10.0,0,0,0.0,1,0.0,0,0,0,24,0,21,1,3,0,1,0,0,0,,,
6,-3.652935715,104.5823559,Secondary Swamp Forest,0,45.0,4,1,0.0,0,0.0,0,0,0,20,0,11,0,24,0,0,0,0,0,,,
23,-3.503301661,104.6102655,Waterbody,0,10.0,0,0,0.0,0,0.0,0,0,0,24,0,11,0,12,0,0,0,0,0,,,
9,-3.084890832,104.6947833,Oil palm monoculture,1,23.0,10,0,0.0,0,0.0,0,0,0,0,0,11,0,5,0,1,0,0,0,,,
13,-3.376150394,104.6562076,Other Cropland,1,15.0,7,0,0.928258007,0,0.0,0,0,0,0,0,11,0,18,0,0,0,0,1,,,
2,-3.479931512,104.4541702,Secondary Dryland Forest,0,45.0,5,0,0.842409401,0,0.0,0,0,0,0,0,11,0,45,0,0,0,0,1,,,
6,-3.6085632,104.5882776,Secondary Swamp Forest,0,20.0,5,0,0.0,0,0.794007541,1,0,0,35,0,13,1,14,0,0,1,0,0,,,
6,-3.273024764,104.5610548,Secondary Swamp Forest,1,32.0,6,0,0.0,0,0.0,0,0,0,27,0,11,0,8,0,0,0,0,0,,,
23,-3.262951655,104.6564172,Waterbody,0,9.0,0,0,0.0,1,0.0,0,0,0,48,0,11,0,2,0,0,0,0,0,,,
23,-3.388760732,104.7698879,Waterbody,0,,0,0,0.0,1,0.0,0,0,0,88,0,11,0,10,0,0,0,0,0,,,
15,-3.329633052,104.5818877,Rubber agroforestry,1,39.0,14,0,0.0,0,0.0,0,0,0,0,0,11,0,26,0,1,0,0,1,,,1.0
2,-3.621445543,104.572595,Secondary Dryland Forest,1,29.0,11,0,0.0,0,0.0,0,0,0,0,0,11,0,28,0,0,0,0,1,,,
13,-3.364690505,104.6894636,Other Cropland,0,10.0,0,0,0.986152793,1,0.4940859,0,0,0,0,0,11,1,22,0,1,1,0,0,,,
9,-3.12026488,104.7220284,Oil palm monoculture,1,21.0,6,0,0.0,0,0.0,0,0,0,0,0,11,0,3,0,1,0,1,0,,,
17,-3.109861798,104.7714575,Paddy Field,0,4.0,0,0,0.930881543,1,0.0,0,0,0,20,0,21,1,5,0,1,0,0,0,,,
8,-3.347629984,104.7030371,Rubber monoculture,0,14.0,0,0,0.323143646,1,0.0,0,0,0,0,0,11,0,20,0,0,0,0,1,,,0.0
15,-3.381889257,104.5102344,Rubber agroforestry,0,36.0,0,0,0.222867834,0,0.0,0,0,0,0,0,11,0,24,0,1,0,0,1,,,1.0
9,-3.146515608,104.6492558,Oil palm monoculture,0,17.0,0,0,0.091695899,0,0.0,0,0,0,0,0,11,0,5,0,1,0,0,0,,,
9,-3.132308912,104.5873591,Oil palm monoculture,1,42.0,11,0,0.0,0,0.0,0,0,0,0,0,11,0,4,0,1,0,1,0,,,
6,-3.138212762,104.6814149,Secondary Swamp Forest,0,12.0,0,0,0.581288431,1,0.0,0,0,0,34,0,12,0,6,0,0,0,0,0,,,
15,-3.364387286,104.7645191,Rubber agroforestry,1,30.0,9,0,0.0,0,0.0,0,0,0,0,0,21,0,18,0,1,0,0,1,,,1.0
20,-3.43480095,104.6807639,Settlement,0,17.0,0,0,0.0,0,0.9386,1,0,0,0,0,21,1,19,0,0,1,0,1,,,
6,-3.159282015,104.7042187,Secondary Swamp Forest,0,11.0,0,0,0.0,0,0.227232656,1,0,0,22,0,12,1,4,0,0,1,0,0,,,
9,-3.157146105,104.6022435,Oil palm monoculture,0,15.0,3,1,0.0,0,0.0,0,0,0,0,0,11,0,8,0,1,0,0,0,,,
2,-3.608144045,104.5883088,Secondary Dryland Forest,1,21.0,7,0,0.0,0,0.158696025,0,0,0,0,0,13,1,16,0,0,1,0,0,,,
20,-3.461136401,104.5096369,Settlement,0,19.0,0,0,0.0,0,0.9614,1,0,0,0,0,13,1,25,0,0,1,0,0,,,
9,-3.692523614,104.411394,Oil palm monoculture,1,53.0,12,0,0.0,0,0.0,0,0,0,0,0,11,0,28,5,1,0,1,0,,,
20,-3.694142268,104.4651619,Settlement,0,14.0,0,0,0.0,0,0.937,1,0,0,0,0,23,1,27,0,0,2,0,0,,,
6,-3.654420596,104.5390269,Secondary Swamp Forest,1,40.0,9,0,0.0,0,0.0,0,0,0,20,0,11,0,17,0,0,0,0,0,,,
9,-3.548882592,104.3939456,Oil palm monoculture,1,58.0,13,0,0.0,0,0.0,0,0,0,0,0,11,0,26,0,1,0,1,0,,,
6,-3.312197967,104.5681715,Secondary Swamp Forest,0,4.0,0,0,0.0,0,0.805820047,0,0,0,27,0,11,1,13,0,1,1,0,0,,,
21,-3.191918175,104.6161113,Cleared Land,0,29.0,0,0,0.765155804,0,0.361341147,1,1,0,0,0,12,1,18,0,0,1,0,0,,,
23,-3.779382443,104.5198081,Waterbody,0,14.0,0,0,0.0,1,0.0,0,0,0,62,0,11,0,25,0,0,0,0,0,,,
18,-3.140090044,104.696607,Grass or Savanna,0,16.0,0,0,0.998504423,1,0.0,0,1,0,0,0,11,0,3,0,0,0,0,0,,,
2,-3.629405039,104.5614338,Secondary Dryland Forest,1,45.0,10,0,0.0,0,0.0,0,0,0,0,0,12,0,19,0,0,0,0,1,,,
16,-3.066162607,104.7168514,Mixed/home Garden,0,33.0,0,0,0.217158427,1,0.0,0,0,0,0,0,21,0,6,0,1,0,0,0,,,
8,-3.443242029,104.65017,Rubber monoculture,1,15.0,6,0,0.0,0,0.361423978,0,0,0,0,0,21,1,24,0,0,1,0,0,,,0.0
13,-3.386910205,104.6815085,Other Cropland,0,12.0,0,0,0.917442043,1,0.0,0,0,0,0,0,11,1,19,0,1,0,0,0,,,
13,-3.413160933,104.6374794,Other Cropland,0,5.0,0,0,0.934751565,1,0.36831121,0,0,1,0,0,11,1,26,0,1,1,0,0,,,
21,-3.41520766,104.7071528,Cleared Land,0,9.0,0,0,0.0,1,0.269595942,0,1,0,0,0,13,1,24,0,1,1,0,1,,,
21,-3.072650599,104.7385672,Cleared Land,0,17.0,0,0,0.762529096,1,0.0,0,1,0,0,0,21,0,6,0,0,0,0,0,,,
21,-3.20275825,104.6383801,Cleared Land,0,2.0,0,0,0.487469178,0,0.0,0,1,1,0,0,11,0,14,0,0,0,0,0,,,
13,-3.224919982,104.6092934,Other Cropland,0,14.0,0,0,0.930478582,1,0.0,0,0,0,0,0,11,0,16,0,0,0,0,0,,,
9,-3.697477675,104.3900394,Oil palm monoculture,1,70.0,14,0,0.0,0,0.0,0,0,0,0,0,12,0,38,4,1,0,1,0,,,
20,-3.552891324,104.3363563,Settlement,0,14.0,0,0,0.0,0,0.9778,1,0,0,0,0,13,1,28,0,0,1,0,0,,,
6,-3.660074736,104.5554453,Secondary Swamp Forest,0,32.0,0,0,0.465043562,1,0.0,0,0,0,20,0,11,0,17,0,0,0,0,0,,,
15,-3.553029556,104.3270234,Rubber agroforestry,1,49.0,10,0,0.0,0,0.0,0,0,0,0,0,12,0,33,18,1,0,0,1,,,1.0
9,-3.709731285,104.383373,Oil palm monoculture,1,56.0,13,0,0.0,0,0.0,0,0,0,0,0,11,0,27,5,1,0,1,0,,,
21,-3.443460525,104.491863,Cleared Land,0,19.0,3,1,0.0,0,0.0,0,1,0,0,0,11,0,37,0,0,0,0,1,,,
8,-3.6302924,104.499546,Rubber monoculture,1,44.0,14,0,0.0,0,0.0,0,0,0,0,0,11,0,36,5,0,0,0,1,,,0.0
6,-3.537494048,104.545332,Secondary Swamp Forest,0,30.0,5,0,0.718907808,0,0.0,0,0,0,11,0,12,0,14,0,0,0,0,0,,,
20,-3.242778682,104.6664858,Settlement,0,8.0,0,0,0.0,0,0.9603,1,0,0,0,0,23,1,15,0,0,2,0,0,,,
13,-3.372480554,104.6623701,Other Cropland,0,7.0,0,0,0.921988096,1,0.0,0,1,0,0,0,11,0,20,0,0,0,0,0,,,
21,-3.429222615,104.601753,Cleared Land,0,6.0,0,0,0.0,1,0.0,0,1,0,0,0,11,1,19,0,1,0,0,0,,,
20,-3.3966578,104.577063,Settlement,0,5.0,0,0,0.0,0,0.9607,1,0,0,0,0,23,1,14,0,0,2,0,0,,,
17,-3.064775827,104.7803044,Paddy Field,0,11.0,0,0,0.958841302,1,0.0,0,0,0,24,0,21,1,4,0,1,0,0,0,,,
2,-3.723982572,104.5756227,Secondary Dryland Forest,0,35.0,4,1,0.0,0,0.0,0,0,0,0,0,11,0,25,0,0,0,0,1,,,
8,-3.716905979,104.5575901,Rubber monoculture,0,14.0,0,0,0.875626113,0,0.704698457,1,0,0,0,0,12,1,17,0,0,1,0,0,,,0.0
20,-3.350853914,104.7865025,Settlement,0,10.0,0,0,0.0,0,0.9673,1,0,0,0,0,23,1,14,0,0,2,0,0,,,
21,-3.38599163,104.6892584,Cleared Land,0,11.0,0,0,0.0,1,0.0,0,1,0,0,0,11,1,17,0,1,0,0,0,,,
8,-3.378495881,104.7527828,Rubber monoculture,0,32.0,5,0,0.0,0,0.713456179,0,0,0,0,0,12,1,19,0,0,1,0,0,,,0.0
23,-3.632414932,104.5726351,Waterbody,0,18.0,0,0,0.0,1,0.0,0,0,0,25,0,11,0,21,0,0,0,0,0,,,
9,-3.528807719,104.3591467,Oil palm monoculture,1,53.0,15,0,0.0,0,0.0,0,0,0,0,0,11,0,36,0,1,0,1,0,,,
15,-3.374264195,104.7605862,Rubber agroforestry,1,36.0,9,0,0.0,0,0.0,0,0,0,0,0,11,0,15,22,1,0,0,1,,,1.0
20,-3.312733059,104.6752613,Settlement,0,12.0,0,0,0.0,0,0.9218,1,0,0,0,0,21,1,14,0,0,1,0,0,,,
15,-3.212572731,104.5735894,Rubber agroforestry,1,25.0,6,0,0.0,0,0.0,0,0,0,0,0,11,0,25,0,1,0,0,1,,,1.0
13,-3.357052064,104.6978645,Other Cropland,0,9.0,0,0,0.944732312,1,0.403708592,0,0,0,0,0,11,1,21,0,1,1,0,0,,,
9,-3.125669311,104.6345096,Oil palm monoculture,1,33.0,9,0,0.0,0,0.0,0,0,0,0,0,11,0,9,8,1,0,1,0,,,
2,-3.729708058,104.5771789,Secondary Dryland Forest,0,41.0,4,1,0.0,0,0.0,0,0,0,0,0,11,0,21,0,0,0,0,0,,,
15,-3.544869401,104.3719176,Rubber agroforestry,1,38.0,11,0,0.0,0,0.0,0,0,0,0,0,13,0,24,0,1,0,0,1,,,1.0
18,-3.103030455,104.7083434,Grass or Savanna,0,21.0,0,0,0.900050541,1,0.0,0,1,0,0,0,21,0,4,0,0,0,0,0,,,
21,-3.512304586,104.4311032,Cleared Land,0,10.0,0,0,0.0,0,0.482680339,1,1,0,0,0,12,1,24,0,0,1,0,0,,,
21,-3.129851948,104.6986404,Cleared Land,0,18.0,0,0,0.28601529,0,0.0,0,1,0,0,0,13,0,3,0,0,0,0,0,,,
8,-3.472029985,104.5979316,Rubber monoculture,0,26.0,5,0,0.596711705,0,0.0,0,0,0,0,0,11,0,30,0,0,0,0,1,,,0.0
6,-3.567361107,104.5703743,Secondary Swamp Forest,1,39.0,7,0,0.0,0,0.0,0,0,0,25,0,11,0,15,0,0,0,0,0,,,
17,-3.106838527,104.7853209,Paddy Field,0,8.0,0,0,0.931402843,1,0.0,0,0,0,0,0,21,1,6,0,1,0,0,0,,,
20,-3.693616094,104.4674405,Settlement,0,13.0,0,0,0.0,0,0.9236,1,0,0,0,0,23,1,28,0,0,2,0,0,,,
21,-3.314637095,104.5599133,Cleared Land,0,10.0,0,0,0.0,1,0.0,0,1,0,0,0,11,1,23,0,1,0,0,0,,,
20,-3.339839934,104.7744184,Settlement,0,12.0,0,0,0.0,0,0.9594,1,0,0,0,0,23,1,20,0,0,2,0,0,,,
15,-3.36153792,104.7718856,Rubber agroforestry,1,42.0,13,0,0.0,0,0.0,0,0,0,0,0,21,0,18,0,1,0,0,0,,,1.0
8,-3.390325877,104.5794798,Rubber monoculture,0,21.0,0,0,0.775632524,0,0.0,0,0,0,0,0,23,0,27,0,0,0,0,1,,,0.0
2,-3.75152198,104.3727782,Secondary Dryland Forest,1,42.0,13,0,0.0,0,0.0,0,0,0,0,0,11,0,47,8,0,0,0,0,,,
13,-3.430154567,104.6535321,Other Cropland,0,10.0,0,0,0.948235702,1,0.393903172,0,0,0,0,0,11,1,24,0,1,1,0,0,,,
23,-3.661318825,104.542117,Waterbody,0,2.0,0,0,0.0,1,0.0,0,0,1,71,0,11,0,17,0,0,0,0,0,,,
9,-3.08668339,104.6965491,Oil palm monoculture,1,23.0,9,0,0.0,0,0.0,0,0,0,0,0,11,0,6,0,1,0,1,0,,,
18,-3.131381419,104.7101538,Grass or Savanna,0,15.0,0,0,0.936520128,0,0.0,0,0,0,0,0,11,0,4,0,0,0,0,0,,,
9,-3.095124469,104.7384869,Oil palm monoculture,0,18.0,0,0,0.302182333,1,0.0,0,1,0,0,0,12,0,5,0,1,0,0,0,,,
9,-3.153953389,104.6092889,Oil palm monoculture,1,18.0,8,0,0.0,0,0.0,0,0,0,0,0,11,0,10,2,1,0,0,0,,,
23,-3.229383542,104.7567068,Waterbody,0,,0,0,0.0,1,0.0,0,0,0,91,0,12,0,7,0,0,0,0,0,,,
21,-3.487717103,104.5880814,Cleared Land,0,9.0,0,0,0.1083252,1,0.0,0,1,0,0,0,11,0,20,0,0,0,0,0,,,
6,-3.569501475,104.6252926,Secondary Swamp Forest,0,32.0,0,0,0.0,0,0.0,0,0,0,32,0,11,0,13,0,0,0,0,0,,,
23,-3.532379459,104.5330963,Waterbody,0,36.0,0,0,0.0,1,0.0,0,0,1,29,0,11,0,19,0,0,0,0,0,,,
18,-3.404661886,104.7145817,Grass or Savanna,0,8.0,0,0,0.903349163,1,0.597975689,0,0,0,0,0,11,1,19,0,1,1,0,0,,,
2,-3.570687596,104.3340331,Secondary Dryland Forest,1,65.0,14,0,0.0,0,0.0,0,0,0,0,0,11,0,48,0,0,0,0,0,,,
21,-3.381363083,104.687894,Cleared Land,0,13.0,0,0,0.0,1,0.0,0,1,0,0,0,11,1,20,0,1,0,0,0,,,
13,-3.232027789,104.673549,Other Cropland,0,13.0,0,0,0.917515714,1,0.0,0,1,0,0,0,21,0,5,0,0,0,0,1,,,
21,-3.114539395,104.7231387,Cleared Land,0,15.0,0,0,0.860990895,0,0.0,0,1,0,0,0,11,0,7,0,0,0,0,0,,,
20,-3.550376391,104.3742809,Settlement,0,18.0,5,0,0.0,0,0.9469,1,0,0,0,0,13,1,24,0,0,1,0,0,,,
23,-3.47984233,104.6376399,Waterbody,0,0.0,0,0,0.0,1,0.0,0,0,0,37,0,11,0,14,0,0,0,0,0,,,
20,-3.335224765,104.6543481,Settlement,0,15.0,0,0,0.0,0,0.9254,1,0,0,0,0,23,1,12,0,0,2,0,0,,,
15,-3.187954034,104.6625395,Rubber agroforestry,1,27.0,8,0,0.0,0,0.0,0,0,0,0,0,23,0,10,0,1,0,0,1,,,1.0
8,-3.33807413,104.7182515,Rubber monoculture,1,37.0,6,0,0.0,0,0.0,0,0,0,0,0,11,0,13,0,0,0,0,1,,,0.0
20,-3.744766442,104.5399767,Settlement,0,12.0,0,0,0.0,0,0.9172,1,0,0,0,0,13,1,20,0,0,1,0,0,,,
20,-3.297161878,104.6898337,Settlement,0,16.0,0,0,0.0,0,0.9245,1,0,0,0,0,21,1,12,0,0,1,0,0,,,
6,-3.260178094,104.6292256,Secondary Swamp Forest,1,32.0,12,0,0.0,0,0.0,0,0,0,14,0,11,0,11,7,0,0,0,1,,,
8,-3.156945446,104.5529125,Rubber monoculture,0,12.0,0,0,0.418370099,1,0.0,0,0,0,0,0,11,0,6,0,0,0,0,0,,,0.0
17,-3.367379343,104.8100064,Paddy Field,0,17.0,0,0,0.947048547,1,0.0,0,0,0,0,0,12,1,8,0,1,0,0,0,,,
15,-3.362839978,104.7691611,Rubber agroforestry,1,42.0,11,0,0.0,0,0.0,0,0,0,0,0,21,0,17,0,1,0,0,1,,,1.0
2,-3.630412795,104.570633,Secondary Dryland Forest,1,38.0,11,0,0.0,0,0.0,0,0,0,0,0,11,0,35,0,0,0,0,1,,,
23,-3.406124472,104.6627758,Waterbody,0,,0,0,0.0,1,0.0,0,0,0,24,0,11,0,13,0,0,0,0,0,,,
8,-3.340499881,104.714546,Rubber monoculture,0,17.0,0,0,0.898038355,0,0.0,0,0,0,0,0,11,0,15,0,0,0,0,0,,,0.0
23,-3.295989135,104.745947,Waterbody,0,,0,0,0.0,1,0.0,0,0,2,90,0,21,0,8,0,0,0,0,0,,,
23,-3.144486717,104.7610946,Waterbody,0,,0,0,0.0,1,0.0,0,0,2,71,0,21,0,4,0,0,0,0,0,,,
2,-3.766344032,104.5022972,Secondary Dryland Forest,1,47.0,13,0,0.0,0,0.0,0,0,0,0,0,11,0,37,9,0,0,0,1,,,
6,-3.222908928,104.6427277,Secondary Swamp Forest,1,20.0,6,0,0.0,0,0.0,0,0,0,34,0,21,0,9,15,0,0,0,0,,,
8,-3.480306077,104.5933744,Rubber monoculture,0,23.0,3,1,0.0,0,0.0,0,0,0,0,0,11,0,34,0,0,0,0,0,,,0.0
17,-3.636031263,104.6118752,Paddy Field,0,11.0,0,0,0.913906367,1,0.0,0,0,0,10,0,11,1,12,0,1,0,0,0,,,
13,-3.359718607,104.69481,Other Cropland,0,11.0,0,0,0.903354056,1,0.638614379,0,0,0,0,0,11,1,19,0,1,1,0,0,,,
21,-3.467619934,104.4641318,Cleared Land,1,26.0,15,0,0.0,0,0.0,0,1,0,0,0,11,0,40,15,0,0,0,1,,,
15,-3.743544648,104.5390715,Rubber agroforestry,1,31.0,6,0,0.0,0,0.0,0,0,0,0,0,13,0,21,2,1,0,0,1,,,1.0
20,-3.312095408,104.676657,Settlement,0,13.0,0,0,0.0,0,0.9727,1,0,0,0,0,21,1,13,0,0,1,0,0,,,
17,-3.118053166,104.7964329,Paddy Field,0,6.0,0,0,0.946137099,1,0.0,0,0,0,10,0,21,1,4,0,1,0,0,0,,,
2,-3.736673174,104.3930181,Secondary Dryland Forest,1,39.0,12,0,0.0,0,0.0,0,0,0,0,0,11,0,39,6,0,0,0,1,,,
8,-3.380498018,104.7268442,Rubber monoculture,1,46.0,8,0,0.0,0,0.0,0,0,0,0,0,11,0,23,17,0,0,0,1,,,0.0
9,-3.656520832,104.4415331,Oil palm monoculture,1,45.0,14,0,0.0,0,0.0,0,0,0,0,0,11,0,36,0,1,0,1,0,,,
21,-3.423381193,104.5655897,Cleared Land,0,30.0,5,0,0.337154165,0,0.0,0,1,0,0,0,13,0,20,0,0,0,0,1,,,
20,-3.396733605,104.5764789,Settlement,0,9.0,0,0,0.0,0,0.956,1,0,0,0,0,23,1,17,0,0,2,0,0,,,
21,-3.383298333,104.7336354,Cleared Land,0,22.0,0,0,0.014810259,0,0.0,0,1,0,0,0,11,0,33,0,0,0,0,0,,,
20,-3.311167915,104.6774775,Settlement,0,11.0,0,0,0.0,0,0.9881,1,0,0,0,0,21,1,12,0,0,1,0,0,,,
23,-3.433253642,104.6654201,Waterbody,0,15.0,0,0,0.0,0,0.77811072,1,0,0,0,0,23,1,13,0,0,2,0,0,,,
21,-3.515314479,104.4215162,Cleared Land,0,6.0,0,0,0.667434065,0,0.41981955,1,1,0,0,0,12,1,36,0,0,1,0,0,,,
16,-3.263642816,104.6821016,Mixed/home Garden,0,14.0,0,0,0.0,0,0.37872935,1,0,0,0,0,21,1,7,0,1,1,0,0,,,
17,-3.106834068,104.7675469,Paddy Field,0,5.0,0,0,0.938290698,1,0.0,0,0,0,18,0,21,1,3,0,1,0,0,0,,,
21,-3.354421195,104.7002323,Cleared Land,0,12.0,0,0,0.013281034,1,0.0,0,1,0,0,0,11,0,20,0,0,0,0,0,,,
8,-3.553818817,104.5855888,Rubber monoculture,1,45.0,11,0,0.0,0,0.0,0,0,0,0,0,13,0,18,21,0,0,0,1,,,0.0
20,-3.045949502,104.7469146,Settlement,0,7.0,0,0,0.0,0,0.9114,1,0,0,0,0,30,1,6,0,0,2,0,0,,,
9,-3.705165166,104.3849828,Oil palm monoculture,1,64.0,13,0,0.0,0,0.0,0,0,0,0,0,11,0,31,7,1,0,1,0,,,
6,-3.682392536,104.5815756,Secondary Swamp Forest,0,28.0,0,0,0.744885773,0,0.0,0,0,0,33,0,11,0,18,0,0,0,0,0,,,
23,-3.491123856,104.6021544,Waterbody,0,29.0,0,0,0.0,0,0.554033001,0,0,0,0,0,11,1,20,0,0,1,0,1,,,
21,-3.190509099,104.6012313,Cleared Land,0,32.0,0,0,0.724729856,0,0.0,0,1,0,0,0,12,0,20,0,0,0,0,0,,,
6,-3.588430359,104.6328642,Secondary Swamp Forest,0,43.0,5,0,0.872817459,0,0.0,0,0,0,19,0,11,0,24,0,0,0,0,1,,,
8,-3.391462947,104.7409796,Rubber monoculture,1,22.0,9,0,0.0,0,0.387482626,0,0,0,0,0,11,1,23,0,0,1,0,1,,,0.0
8,-3.372792691,104.7562609,Rubber monoculture,1,14.0,6,0,0.0,0,0.805696393,1,0,0,0,0,12,1,16,0,0,1,0,0,,,0.0
21,-3.108845123,104.6802065,Cleared Land,0,31.0,0,0,0.074525984,1,0.0,0,1,0,0,0,11,0,8,0,0,0,0,0,,,
6,-3.117892639,104.7016637,Secondary Swamp Forest,0,14.0,0,0,0.806531273,0,0.736901973,1,0,0,22,0,13,1,4,0,0,1,0,0,,,
9,-3.115787943,104.6734375,Oil palm monoculture,1,31.0,11,0,0.0,0,0.0,0,0,0,0,0,11,0,10,9,1,0,1,0,,,
20,-3.359896971,104.6231389,Settlement,0,13.0,0,0,0.0,0,0.9932,1,0,0,0,0,23,1,15,0,0,2,0,0,,,
8,-3.439081687,104.6335331,Rubber monoculture,0,31.0,0,0,0.734659388,0,0.0,0,0,0,0,0,12,0,27,0,0,0,0,1,,,0.0
13,-3.305553906,104.6247442,Other Cropland,0,9.0,0,0,0.97315326,1,0.424889099,0,0,0,0,0,11,1,22,0,1,1,0,0,,,
6,-3.273573234,104.5617103,Secondary Swamp Forest,0,30.0,0,0,0.899385189,0,0.0,0,0,0,16,0,11,0,6,0,0,0,0,0,,,
23,-3.172632563,104.7581159,Waterbody,0,,0,0,0.0,1,0.0,0,0,2,89,0,21,0,4,0,0,0,0,0,,,
9,-3.097862357,104.6297919,Oil palm monoculture,1,29.0,10,0,0.0,0,0.0,0,0,0,0,0,12,0,6,0,1,0,1,0,,,
2,-3.522881574,104.5857493,Secondary Dryland Forest,1,39.0,12,0,0.0,0,0.0,0,0,0,0,0,11,0,17,0,0,0,0,0,,,
23,-3.277720198,104.5981768,Waterbody,0,,0,0,0.0,1,0.0,0,0,0,74,0,13,0,1,0,0,0,0,0,,,
6,-3.661657717,104.5527609,Secondary Swamp Forest,0,37.0,0,0,0.366260658,1,0.0,0,0,0,10,0,11,0,17,0,0,0,0,0,,,
8,-3.404599459,104.6969994,Rubber monoculture,0,19.0,0,0,0.0,0,0.157922218,0,0,0,0,0,12,1,10,0,0,1,0,1,,,0.0
21,-3.197585693,104.5785077,Cleared Land,0,22.0,0,0,0.543542112,1,0.0,0,1,0,0,0,21,0,19,0,0,0,0,0,,,
6,-3.660493891,104.5439854,Secondary Swamp Forest,1,39.0,10,0,0.0,0,0.0,0,0,0,20,0,11,0,22,0,0,0,0,0,,,
21,-3.512621182,104.4426256,Cleared Land,0,7.0,3,0,0.0,0,0.407017246,0,1,0,0,0,11,1,22,0,0,1,0,0,,,
13,-3.42627069,104.682766,Other Cropland,0,9.0,0,0,0.922324198,1,0.79081054,0,0,0,0,0,12,1,19,0,1,1,0,0,,,
17,-3.107502933,104.7863464,Paddy Field,0,10.0,0,0,0.97393815,1,0.0,0,0,0,0,0,21,1,7,0,1,0,0,0,,,
23,-3.432294936,104.7456928,Waterbody,0,,0,0,0.0,1,0.0,0,0,0,82,0,21,0,18,0,0,0,0,0,,,
17,-3.105465124,104.7648447,Paddy Field,0,15.0,0,0,0.918503358,1,0.0,0,0,0,5,0,12,1,4,0,1,0,0,0,,,
13,-3.379588361,104.7391692,Other Cropland,0,45.0,0,0,0.997172743,0,0.0,0,0,0,0,0,11,0,36,0,0,0,0,0,,,
18,-3.304755727,104.6776692,Grass or Savanna,0,12.0,0,0,0.978255956,1,0.0,0,0,0,0,0,21,0,14,0,0,0,0,0,,,
21,-3.586709146,104.4752038,Cleared Land,0,45.0,0,0,0.541641826,0,0.0,0,1,0,0,0,11,0,33,0,0,0,0,0,,,
6,-3.657764921,104.5381618,Secondary Swamp Forest,0,27.0,0,0,0.41637896,0,0.0,0,0,0,30,0,11,0,16,0,0,0,0,0,,,
15,-3.214994023,104.686195,Rubber agroforestry,0,17.0,0,0,0.392870566,1,0.0,0,0,0,0,0,11,0,8,0,1,0,0,1,,,1.0
8,-3.267219015,104.7320747,Rubber monoculture,0,25.0,4,1,0.0,0,0.0,0,0,0,0,0,12,0,10,0,0,0,0,1,,,0.0
21,-3.575610444,104.4964291,Cleared Land,0,36.0,0,0,0.831502105,0,0.0,0,1,0,0,0,11,0,29,0,0,0,0,0,,,
6,-3.649930281,104.5377649,Secondary Swamp Forest,0,24.0,0,0,0.0,0,0.0,0,0,0,27,0,11,0,10,0,0,0,0,0,,,
13,-3.414819719,104.6530015,Other Cropland,0,11.0,0,0,0.925940051,1,0.506752848,0,0,0,0,0,11,1,26,0,1,1,0,0,,,
8,-3.172851059,104.5493096,Rubber monoculture,0,41.0,0,0,0.023990765,1,0.0,0,0,0,0,0,21,0,1,0,0,0,0,1,,,0.0
23,-3.150118562,104.6529034,Waterbody,0,39.0,4,1,0.0,0,0.0,0,0,0,0,0,11,0,5,0,0,0,0,0,,,
17,-3.624731901,104.6099266,Paddy Field,0,11.0,0,0,0.922051613,1,0.0,0,0,0,12,0,11,1,13,0,1,0,0,0,,,
20,-3.443536329,104.6577906,Settlement,1,16.0,7,0,0.0,0,0.9085,1,0,0,0,0,21,1,26,0,0,1,0,0,,,
2,-3.759164879,104.4739641,Secondary Dryland Forest,1,43.0,16,0,0.0,0,0.0,0,0,0,0,0,11,0,51,6,0,0,0,1,,,
20,-3.590138195,104.5886165,Settlement,0,12.0,0,0,0.0,0,0.9887,1,0,0,0,0,13,1,22,0,0,1,0,0,,,
6,-3.662201727,104.5554497,Secondary Swamp Forest,1,37.0,11,0,0.0,0,0.0,0,0,0,33,0,11,0,19,0,0,0,0,0,,,
8,-3.702784006,104.5647024,Rubber monoculture,0,35.0,4,0,0.0,0,0.30303832,0,0,0,0,0,11,1,23,0,0,1,0,0,,,0.0
2,-3.747905649,104.5116168,Secondary Dryland Forest,1,46.0,15,0,0.0,0,0.0,0,0,0,0,0,11,0,49,6,0,0,0,1,,,
13,-3.399725662,104.6583123,Other Cropland,0,8.0,0,0,0.961788605,1,0.531008415,0,0,0,0,0,11,1,27,0,1,1,0,0,,,
9,-3.085323364,104.6974498,Oil palm monoculture,1,17.0,8,0,0.0,0,0.0,0,0,0,0,0,11,0,6,0,1,0,0,0,,,
13,-3.309571556,104.6153934,Other Cropland,0,15.0,0,0,0.93593312,1,0.0,0,1,0,0,0,11,1,18,0,1,0,0,0,,,
6,-3.662389009,104.5557975,Secondary Swamp Forest,1,44.0,12,0,0.0,0,0.0,0,0,0,31,0,11,0,19,0,0,0,0,0,,,
9,-3.100444176,104.6274553,Oil palm monoculture,1,33.0,10,0,0.0,0,0.0,0,0,0,0,0,12,0,6,0,1,0,1,0,,,
20,-3.468654446,104.6398962,Settlement,0,11.0,0,0,0.0,0,0.9735,1,0,0,0,0,13,1,19,0,0,1,0,0,,,
16,-3.067094559,104.7151747,Mixed/home Garden,0,20.0,0,0,0.474432399,0,0.0,0,0,0,0,0,21,0,3,0,1,0,0,0,,,
23,-3.543059006,104.4192955,Waterbody,0,19.0,0,0,0.0,1,0.0,0,0,0,14,0,11,0,13,0,0,0,0,0,,,
6,-3.539134997,104.5494612,Secondary Swamp Forest,1,38.0,10,0,0.0,0,0.0,0,0,0,31,0,12,0,18,0,0,0,0,0,,,
15,-3.738434518,104.5412698,Rubber agroforestry,0,30.0,0,0,0.799522173,0,0.0,0,0,0,0,0,13,0,19,0,1,0,0,1,,,1.0
23,-3.488778369,104.5206063,Waterbody,0,30.0,0,0,0.0,1,0.0,0,0,0,36,0,11,0,22,0,0,0,0,0,,,
9,-3.138698804,104.6253863,Oil palm monoculture,1,37.0,11,0,0.0,0,0.0,0,0,0,0,0,11,0,8,7,1,0,1,0,,,
23,-3.467307797,104.6459071,Waterbody,0,,0,0,0.0,1,0.0,0,0,0,80,0,11,0,20,0,0,0,0,0,,,
21,-3.089572888,104.6745568,Cleared Land,0,23.0,0,0,0.456781943,0,0.0,0,1,0,0,0,11,0,7,0,0,0,0,0,,,
17,-3.119016332,104.7524662,Paddy Field,0,7.0,0,0,0.932157578,1,0.0,0,0,0,25,0,12,1,4,0,1,0,0,0,,,
18,-3.102334835,104.7114781,Grass or Savanna,0,16.0,0,0,0.99178887,0,0.0,0,0,0,0,0,21,0,5,0,0,0,0,0,,,
9,-3.092845868,104.7356821,Oil palm monoculture,0,15.0,0,0,0.0,1,0.0,0,0,0,5,0,12,0,4,0,1,0,0,0,,,
8,-3.357462302,104.5433522,Rubber monoculture,0,12.0,0,0,0.661020896,1,0.0,0,0,0,0,0,11,0,33,0,0,0,0,1,,,0.0
6,-3.558398313,104.6150412,Secondary Swamp Forest,0,34.0,0,0,0.210740857,1,0.0,0,0,0,22,0,11,0,13,0,0,0,0,0,,,
23,-3.731304416,104.5621562,Waterbody,0,22.0,0,0,0.0,1,0.0,0,0,1,77,0,11,0,24,0,0,0,0,0,,,
9,-3.0947722,104.7343578,Oil palm monoculture,0,13.0,0,0,0.0,1,0.0,0,0,0,4,0,12,1,5,0,1,0,0,0,,,
