ID_epistem,name_epist,class_id,class_name,latitude,longitude,tree_presence,tree_cover,vegetation_height,shrub_presence,herb_presence,graminoid_proxy_ndvi_std,builtup_presence,building_presence,bareSoil_presence,bare_soil_temporal_length,waterbody_presence,water_horizontal_spreading,artificiality,construction_use,vegetation_artificiality,elev,timber_extraction_rotation,agricultural_activity_type,oilpalm_presence,rubber_presence,mangrove_presence,coffee_presence,other_species_presence
2,Secondary Dryland Forest,2,Logged-over forest,-3.622319527,104.5638596,1,35,10,0,0,0,0,0,0,0,0,0,0,11,0,24,0,0,0,1,,,
2,Secondary Dryland Forest,2,Logged-over forest,-3.632900974,104.5328956,1,53,15,0,0,0,0,0,0,0,0,0,0,11,0,30,0,0,0,0,,,
2,Secondary Dryland Forest,2,Logged-over forest,-3.636976592,104.5332835,1,51,13,0,0,0,0,0,0,0,0,0,0,11,0,33,0,0,0,0,,,
2,Secondary Dryland Forest,2,Logged-over forest,-3.629405039,104.5614338,1,45,10,0,0,0,0,0,0,0,0,0,0,12,0,19,0,0,0,1,,,
2,Secondary Dryland Forest,2,Logged-over forest,-3.615724517,104.5783205,1,42,11,0,0,0,0,0,0,0,0,0,0,11,0,30,0,0,0,1,,,
2,Secondary Dryland Forest,2,Logged-over forest,-3.689094565,104.5564842,1,53,15,0,0,0,0,0,0,0,0,0,0,12,0,44,7,0,0,0,,,
2,Secondary Dryland Forest,2,Logged-over forest,-3.686477073,104.5579379,1,45,15,0,0,0,0,0,0,0,0,0,0,11,0,44,0,0,0,0,,,
2,Secondary Dryland Forest,2,Logged-over forest,-3.687248497,104.5593916,1,42,12,0,0,0,0,0,0,0,0,0,0,11,0,33,0,0,0,1,,,
2,Secondary Dryland Forest,2,Logged-over forest,-3.717726453,104.543477,1,29,13,0,0,0,0,0,0,0,0,0,0,11,0,44,11,0,0,1,,,
2,Secondary Dryland Forest,2,Logged-over forest,-3.704429414,104.5521188,0,54,0,0,0.79986704,0,0,0,0,0,0,0,0,11,0,26,0,0,0,0,,,
2,Secondary Dryland Forest,2,Logged-over forest,-3.713066693,104.5288244,1,38,15,0,0,0,0,0,0,0,0,0,0,12,0,31,0,0,0,1,,,
2,Secondary Dryland Forest,2,Logged-over forest,-3.570687596,104.3340331,1,65,14,0,0,0,0,0,0,0,0,0,0,11,0,48,0,0,0,0,,,
2,Secondary Dryland Forest,2,Logged-over forest,-3.569086779,104.3366506,1,43,14,0,0,0,0,0,0,0,0,0,0,11,0,39,0,0,0,1,,,
2,Secondary Dryland Forest,2,Logged-over forest,-3.573889231,104.332673,1,52,15,0,0,0,0,0,0,0,0,0,0,11,0,44,0,0,0,1,,,
2,Secondary Dryland Forest,2,Logged-over forest,-3.58282081,104.3310187,1,45,14,0,0,0,0,0,0,0,0,0,0,11,0,59,0,0,0,1,,,
2,Secondary Dryland Forest,2,Logged-over forest,-3.723982572,104.5756227,0,35,4,1,0,0,0,0,0,0,0,0,0,11,0,25,0,0,0,1,,,
2,Secondary Dryland Forest,2,Logged-over forest,-3.71908202,104.5801844,0,38,5,0,0.48455526,0,0,0,0,0,0,0,0,11,0,29,0,0,0,0,,,
2,Secondary Dryland Forest,2,Logged-over forest,-3.737128002,104.564854,1,52,13,0,0,0,0,0,0,0,0,0,0,11,0,30,0,0,0,0,,,
2,Secondary Dryland Forest,2,Logged-over forest,-3.729708058,104.5771789,0,41,4,1,0,0,0,0,0,0,0,0,0,11,0,21,0,0,0,0,,,
2,Secondary Dryland Forest,2,Logged-over forest,-3.755379102,104.5633959,1,47,13,0,0,0,0,0,0,0,0,0,0,11,0,25,0,0,0,1,,,
2,Secondary Dryland Forest,2,Logged-over forest,-3.7681901,104.5602433,1,47,12,0,0,0,0,0,0,0,0,0,0,11,0,27,0,0,0,1,,,
2,Secondary Dryland Forest,2,Logged-over forest,-3.759646462,104.5593693,1,46,10,0,0,0,0,0,0,0,0,0,0,11,0,26,0,0,0,0,,,
2,Secondary Dryland Forest,2,Logged-over forest,-3.747905649,104.5116168,1,46,15,0,0,0,0,0,0,0,0,0,0,11,0,49,6,0,0,1,,,
2,Secondary Dryland Forest,2,Logged-over forest,-3.766344032,104.5022972,1,47,13,0,0,0,0,0,0,0,0,0,0,11,0,37,9,0,0,1,,,
2,Secondary Dryland Forest,2,Logged-over forest,-3.682245386,104.4746419,1,43,13,0,0,0,0,0,0,0,0,0,0,11,0,44,0,0,0,0,,,
2,Secondary Dryland Forest,2,Logged-over forest,-3.753680185,104.474691,1,51,10,0,0,0,0,0,0,0,0,0,0,11,0,48,0,0,0,0,,,
2,Secondary Dryland Forest,2,Logged-over forest,-3.759164879,104.4739641,1,43,16,0,0,0,0,0,0,0,0,0,0,11,0,51,6,0,0,1,,,
2,Secondary Dryland Forest,2,Logged-over forest,-3.739656312,104.38414,1,49,15,0,0,0,0,0,0,0,0,0,0,11,0,42,2,0,0,1,,,
2,Secondary Dryland Forest,2,Logged-over forest,-3.736673174,104.3930181,1,39,12,0,0,0,0,0,0,0,0,0,0,11,0,39,6,0,0,1,,,
6,Secondary Swamp Forest,2,Logged-over forest,-3.550175731,104.5669899,0,38,0,0,0.044215176,0,0,0,0,0,34,0,0,11,0,13,0,0,0,0,,,
6,Secondary Swamp Forest,2,Logged-over forest,-3.550759873,104.569536,1,42,9,0,0,0,0,0,0,0,28,0,0,11,0,17,0,0,0,0,,,
6,Secondary Swamp Forest,2,Logged-over forest,-3.538024681,104.5286996,0,31,0,0,0.193787181,0,0,0,0,0,33,0,0,11,0,14,0,0,0,0,,,
6,Secondary Swamp Forest,2,Logged-over forest,-3.543259665,104.5313929,0,26,0,0,0.555330259,0,0,0,0,0,14,0,0,11,0,15,0,0,0,0,,,
6,Secondary Swamp Forest,2,Logged-over forest,-3.545881617,104.518729,0,35,0,0,0.209108167,0,0,0,0,0,30,0,0,11,0,14,0,0,0,0,,,
6,Secondary Swamp Forest,2,Logged-over forest,-3.534020408,104.5661114,0,28,0,0,0.180005933,0,0,0,0,0,21,0,0,11,0,12,0,0,0,0,,,
6,Secondary Swamp Forest,2,Logged-over forest,-3.567361107,104.5703743,1,39,7,0,0,0,0,0,0,0,14,0,0,11,0,15,0,0,0,0,,,
6,Secondary Swamp Forest,2,Logged-over forest,-3.569648625,104.5728135,1,27,7,0,0,0,0,0,0,0,30,0,0,11,0,16,0,0,0,0,,,
6,Secondary Swamp Forest,2,Logged-over forest,-3.547629584,104.5309559,0,35,5,0,0.461461538,0,0,0,0,0,16,0,0,11,0,16,0,0,0,0,,,
6,Secondary Swamp Forest,2,Logged-over forest,-3.544682119,104.5284097,0,34.5,0,0,0.005400872,0,0,0,0,0,21,0,0,11,0,13,0,0,0,0,,,
6,Secondary Swamp Forest,2,Logged-over forest,-3.544789137,104.534813,1,26,6,0,0,0,0,0,0,0,15,0,0,11,0,12,0,0,0,0,,,
6,Secondary Swamp Forest,2,Logged-over forest,-3.511274534,104.5752481,1,33,6,0,0,0,0,0,0,0,22,0,0,11,0,12,0,0,0,0,,,
6,Secondary Swamp Forest,2,Logged-over forest,-3.519639807,104.570954,0,33,0,0,0.522275348,0,0,0,0,0,37,0,0,11,0,14,0,0,0,0,,,
6,Secondary Swamp Forest,2,Logged-over forest,-3.489509661,104.5982526,0,42,0,0,0.661873252,0,0,0,0,0,16,0,0,11,0,16,0,0,0,0,,,
6,Secondary Swamp Forest,2,Logged-over forest,-3.222908928,104.6427277,1,20,6,0,0,0,0,0,0,0,14,0,0,21,0,9,15,0,0,0,,,
6,Secondary Swamp Forest,2,Logged-over forest,-3.257266301,104.6922995,1,36,9,0,0,0,0,0,0,0,16,0,0,11,0,9,6,0,0,1,,,
6,Secondary Swamp Forest,2,Logged-over forest,-3.252530736,104.6253328,1,20,8,0,0,0,0,0,0,0,33,0,0,11,0,11,12,0,0,1,,,
6,Secondary Swamp Forest,2,Logged-over forest,-3.218173362,104.6071352,1,34,9,0,0,0,0,0,0,0,29,0,0,11,0,6,0,0,0,0,,,
6,Secondary Swamp Forest,2,Logged-over forest,-3.588430359,104.6328642,0,43,5,0,0.872817459,0,0,0,0,0,28,0,0,11,0,24,0,0,0,1,,,
6,Secondary Swamp Forest,2,Logged-over forest,-3.670834547,104.543914,1,44,10,0,0,0,0,0,0,0,14,0,0,11,0,25,0,0,0,0,,,
6,Secondary Swamp Forest,2,Logged-over forest,-3.662201727,104.5554497,1,37,11,0,0,0,0,0,0,0,19,0,0,11,0,19,0,0,0,0,,,
6,Secondary Swamp Forest,2,Logged-over forest,-3.661657717,104.5527609,0,37,0,0,0.366260658,1,0,0,0,0,28,0,0,11,0,17,0,0,0,0,,,
6,Secondary Swamp Forest,2,Logged-over forest,-3.659985554,104.5406009,0,31,0,0,0.68979385,0,0,0,0,0,31,0,0,11,0,19,0,0,0,0,,,
6,Secondary Swamp Forest,2,Logged-over forest,-3.663004365,104.5502103,0,38,5,0,0.602931093,0,0,0,0,0,36,0,0,11,0,18,0,0,0,0,,,
6,Secondary Swamp Forest,2,Logged-over forest,-3.66287951,104.5535412,0,33,0,0,0.599141047,1,0,0,0,0,20,0,0,11,0,17,0,0,0,0,,,
6,Secondary Swamp Forest,2,Logged-over forest,-3.662389009,104.5557975,1,44,12,0,0,0,0,0,0,0,15,0,0,11,0,19,0,0,0,0,,,
6,Secondary Swamp Forest,2,Logged-over forest,-3.660493891,104.5439854,1,39,10,0,0,0,0,0,0,0,39,0,0,11,0,22,0,0,0,0,,,
6,Secondary Swamp Forest,2,Logged-over forest,-3.539134997,104.5494612,1,38,10,0,0,0,0,0,0,0,38,0,0,12,0,18,0,0,0,0,,,
23,Waterbody,23,Waterbody,-3.150118562,104.6529034,0,39,4,1,0,0,0,0,0,0,0,0,0,11,0,5,0,0,0,0,,,
23,Waterbody,23,Waterbody,-3.152753891,104.6499782,0,30,4,1,0,0,0,0,0,0,0,0,0,11,0,6,0,0,0,0,,,
20,Settlement,20,Settlement,-3.242595859,104.6677567,0,14,0,0,0,0,0.9152,1,0,0,0,0,0,23,1,15,0,0,0,0,,,
20,Settlement,20,Settlement,-3.242778682,104.6664858,0,8,0,0,0,0,0.9808,1,0,0,0,0,0,23,1,15,0,0,0,0,,,
20,Settlement,20,Settlement,-3.217486661,104.6482882,0,12,0,0,0,0,0.9509,1,0,0,0,0,0,23,1,23,0,0,0,0,,,
20,Settlement,20,Settlement,-3.359535784,104.6265947,0,11,0,0,0,0,0.9206,1,0,0,0,0,0,23,1,14,0,0,0,0,,,
20,Settlement,20,Settlement,-3.359896971,104.6231389,0,13,0,0,0,0,0.9158,1,0,0,0,0,0,23,1,15,0,0,0,0,,,
20,Settlement,20,Settlement,-3.356623991,104.6116745,0,12,0,0,0,0,0.9353,1,0,0,0,0,0,23,1,18,0,0,0,0,,,
20,Settlement,20,Settlement,-3.34814724,104.6073046,0,9,0,0,0,0,0.9405,1,0,0,0,0,0,21,1,16,0,0,0,0,,,
20,Settlement,20,Settlement,-3.3966578,104.577063,0,5,0,0,0,0,0.9519,1,0,0,0,0,0,23,1,14,0,0,0,0,,,
20,Settlement,20,Settlement,-3.394075981,104.5794977,0,11,0,0,0,0,0.9483,1,0,0,0,0,0,23,1,18,0,0,0,0,,,
20,Settlement,20,Settlement,-3.396078117,104.5774242,0,13,0,0,0,0,0.9284,1,0,0,0,0,0,23,1,12,0,0,0,0,,,
20,Settlement,20,Settlement,-3.396733605,104.5764789,0,9,0,0,0,0,0.9204,1,0,0,0,0,0,23,1,17,0,0,0,0,,,
20,Settlement,20,Settlement,-3.541641012,104.4697503,0,12,0,0,0,0,0.9326,1,0,0,0,0,0,13,1,17,0,0,0,0,,,
20,Settlement,20,Settlement,-3.665407821,104.5722382,0,13,0,0,0,0,0.9048,1,0,0,0,0,0,13,1,23,0,0,0,0,,,
20,Settlement,20,Settlement,-3.665332016,104.5735091,0,15,0,0,0,0,0.9745,1,0,0,0,0,0,13,1,25,0,0,0,0,,,
20,Settlement,20,Settlement,-3.664752333,104.5707445,0,13,0,0,0,0,0.9796,1,0,0,0,0,0,13,1,21,0,0,0,0,,,
20,Settlement,20,Settlement,-3.588938697,104.5887592,0,10,0,0,0,0,0.9884,1,0,0,0,0,0,13,1,26,0,0,0,0,,,
20,Settlement,20,Settlement,-3.590138195,104.5886165,0,12,0,0,0,0,0.9080,1,0,0,0,0,0,13,1,22,0,0,0,0,,,
20,Settlement,20,Settlement,-3.588140517,104.5890178,0,12,0,0,0,0,0.9390,1,0,0,0,0,0,13,1,24,0,0,0,0,,,
20,Settlement,20,Settlement,-3.502989524,104.5997866,0,22,0,0,0,0,0.9619,1,0,0,0,0,0,13,1,19,0,0,0,0,,,
20,Settlement,20,Settlement,-3.4687793,104.638826,0,8,0,0,0,0,0.9334,1,0,0,0,0,0,13,1,25,0,0,0,0,,,
20,Settlement,20,Settlement,-3.468654446,104.6398962,0,11,0,0,0,0,0.9631,1,0,0,0,0,0,13,1,19,0,0,0,0,,,
20,Settlement,20,Settlement,-3.443518493,104.6713284,0,14,0,0,0,0,0.9042,1,0,0,0,0,0,23,1,24,0,0,0,0,,,
20,Settlement,20,Settlement,-3.388305904,104.5910021,0,9,0,0,0,0,0.9288,1,0,0,0,0,0,23,1,12,0,0,0,0,,,
20,Settlement,20,Settlement,-3.387110865,104.590962,0,7,0,0,0,0,0.9522,1,0,0,0,0,0,23,1,14,0,0,0,0,,,
20,Settlement,20,Settlement,-3.239247074,104.7099041,0,9,0,0,0,0,0.9657,1,0,0,0,0,0,21,1,11,0,0,0,0,,,
20,Settlement,20,Settlement,-3.211805766,104.625685,0,12,0,0,0,0,0.9355,1,0,0,0,0,0,21,1,15,0,0,0,0,,,
20,Settlement,20,Settlement,-3.268842127,104.6852274,1,10,6,0,0,0,0.9860,1,0,0,0,0,0,21,1,9,0,0,0,0,,,
20,Settlement,20,Settlement,-3.311167915,104.6774775,0,11,0,0,0,0,0.9568,1,0,0,0,0,0,21,1,12,0,0,0,0,,,
20,Settlement,20,Settlement,-3.312733059,104.6752613,0,12,0,0,0,0,0.9159,1,0,0,0,0,0,21,1,14,0,0,0,0,,,
20,Settlement,20,Settlement,-3.312982769,104.673821,0,14,0,0,0,0,0.9604,1,0,0,0,0,0,21,1,15,0,0,0,0,,,
20,Settlement,20,Settlement,-3.350853914,104.7865025,0,10,0,0,0,0,0.9155,1,0,0,0,0,0,23,1,14,0,0,0,0,,,
20,Settlement,20,Settlement,-3.350202885,104.7847902,0,10,0,0,0,1,0.9590,1,0,0,0,0,0,23,1,13,0,0,0,0,,,
20,Settlement,20,Settlement,-3.460917905,104.5102969,0,15,0,0,0,0,0.9937,1,0,0,0,0,0,13,1,26,0,0,0,0,,,
20,Settlement,20,Settlement,-3.461136401,104.5096369,0,19,0,0,0,0,0.9825,1,0,0,0,0,0,13,1,25,0,0,0,0,,,
20,Settlement,20,Settlement,-3.467468325,104.5084731,0,12,0,0,0,0,0.9941,1,0,0,0,0,0,13,1,27,0,0,0,0,,,
20,Settlement,20,Settlement,-3.417570984,104.5330026,0,11,0,0,0,0,0.9625,1,0,0,0,0,0,13,1,26,0,0,0,0,,,
20,Settlement,20,Settlement,-3.417718134,104.5314063,0,11,0,0,0,0,0.9539,1,0,0,0,0,0,13,1,27,0,0,0,0,,,
20,Settlement,20,Settlement,-3.552891324,104.3363563,0,14,0,0,0,0,0.9438,1,0,0,0,0,0,13,1,28,0,0,0,0,,,
20,Settlement,20,Settlement,-3.553765307,104.3334445,1,12,6,0,0,0,0.9796,1,0,0,0,0,0,13,1,33,0,0,0,0,,,
20,Settlement,20,Settlement,-3.554309318,104.3322093,1,11,6,0,0,0,0.9103,1,0,0,0,0,0,13,1,30,0,0,0,0,,,
20,Settlement,20,Settlement,-3.524428882,104.4690234,0,13,0,0,0,0,0.9225,1,0,0,0,0,0,13,1,25,0,0,0,0,,,
20,Settlement,20,Settlement,-3.523554898,104.4693133,0,15,0,0,0,0,0.9355,1,0,0,0,0,0,13,1,24,0,0,0,0,,,
20,Settlement,20,Settlement,-3.522319727,104.4693846,0,10,0,0,0,0,0.9619,1,0,0,0,0,0,13,1,23,0,0,0,0,,,
20,Settlement,20,Settlement,-3.521771257,104.4688763,0,12,0,0,0,0,0.9878,1,0,0,0,0,0,13,1,24,0,0,0,0,,,
20,Settlement,20,Settlement,-3.695158943,104.4679666,0,13,0,0,0,0,0.9421,1,0,0,0,0,0,23,1,25,0,0,0,0,,,
20,Settlement,20,Settlement,-3.694142268,104.4651619,0,14,0,0,0,0,0.9394,1,0,0,0,0,0,23,1,27,0,0,0,0,,,
20,Settlement,20,Settlement,-3.69457926,104.4680023,0,13,0,0,0,0,0.9531,1,0,0,0,0,0,23,1,27,0,0,0,0,,,
20,Settlement,20,Settlement,-3.693616094,104.4674405,0,13,0,0,0,0,0.9742,1,0,0,0,0,0,23,1,28,0,0,0,0,,,
20,Settlement,20,Settlement,-3.738091168,104.5457066,0,13,0,0,0,0,0.9810,1,0,0,0,0,0,13,1,24,0,0,0,0,,,
20,Settlement,20,Settlement,-3.747375016,104.5387192,0,14,0,0,0,0,0.9378,1,0,0,0,0,0,13,1,22,0,0,0,0,,,
20,Settlement,20,Settlement,-3.776158513,104.5162632,1,14,6,0,0,0,0.9245,1,0,0,0,0,0,13,1,32,0,0,0,0,,,
20,Settlement,20,Settlement,-3.748810847,104.3872569,0,13,0,0,0,0,0.9324,1,0,0,0,0,0,12,1,33,0,0,0,0,,,
20,Settlement,20,Settlement,-3.749118525,104.3884564,0,16,0,0,0,0,0.9134,1,0,0,0,0,0,12,1,32,0,0,0,0,,,
20,Settlement,20,Settlement,-3.444486118,104.5914213,0,12,0,0,0,0,0.9195,1,0,0,0,0,0,22,1,27,0,0,0,0,,,
20,Settlement,20,Settlement,-3.44492311,104.5906187,0,12,0,0,0,0,0.9142,1,0,0,0,0,0,22,1,25,0,0,0,0,,,
20,Settlement,20,Settlement,-3.443901976,104.5932406,0,14,0,0,0,0,0.9543,1,0,0,0,0,0,22,1,29,0,0,0,0,,,
20,Settlement,20,Settlement,-3.339081887,104.6537328,0,12,0,0,0,0,0.9445,1,0,0,0,0,0,23,1,13,0,0,0,0,,,
20,Settlement,20,Settlement,-3.337409724,104.655075,0,16,0,0,0,0,0.9579,1,0,0,0,0,0,23,1,12,0,0,0,0,,,
20,Settlement,20,Settlement,-3.34035719,104.6509637,0,9,0,0,0,0,0.9125,1,0,0,0,0,0,23,1,15,0,0,0,0,,,
20,Settlement,20,Settlement,-3.335224765,104.6543481,0,15,0,0,0,0,0.9856,1,0,0,0,0,0,23,1,12,0,0,0,0,,,
9,Oil palm monoculture,9,Oil Palm monoculture,-3.133722447,104.6156298,1,46,11,0,0,0,0,0,0,0,0,0,0,12,0,10,7,1,1,0,,,
9,Oil palm monoculture,9,Oil Palm monoculture,-3.528272627,104.4276207,1,59,14,0,0,0,0,0,0,0,0,0,0,11,0,23,0,1,1,0,,,
9,Oil palm monoculture,9,Oil Palm monoculture,-3.530118695,104.4303363,1,64,15,0,0,0,0,0,0,0,0,0,0,11,0,20,0,1,1,0,,,
9,Oil palm monoculture,9,Oil Palm monoculture,-3.539188506,104.4022885,1,69,15,0,0,0,0,0,0,0,0,0,0,11,0,25,0,1,1,0,,,
9,Oil palm monoculture,9,Oil Palm monoculture,-3.548120086,104.4013164,1,55,13,0,0,0,0,0,0,0,0,0,0,11,0,24,0,1,1,0,,,
9,Oil palm monoculture,9,Oil Palm monoculture,-3.525944976,104.3711328,1,78,15,0,0,0,0,0,0,0,0,0,0,11,0,32,0,1,1,0,,,
9,Oil palm monoculture,9,Oil Palm monoculture,-3.521285215,104.3757881,1,65,16,0,0,0,0,0,0,0,0,0,0,11,0,38,0,1,1,0,,,
9,Oil palm monoculture,9,Oil Palm monoculture,-3.533124129,104.3705531,1,64,14,0,0,0,0,0,0,0,0,0,0,11,0,23,0,1,1,0,,,
9,Oil palm monoculture,9,Oil Palm monoculture,-3.536811805,104.3920014,1,62,14,0,0,0,0,0,0,0,0,0,0,11,0,26,0,1,1,0,,,
9,Oil palm monoculture,9,Oil Palm monoculture,-3.524197008,104.418591,1,60,11,0,0,0,0,0,0,0,0,0,0,11,0,21,0,1,1,0,,,
9,Oil palm monoculture,9,Oil Palm monoculture,-3.528807719,104.3591467,1,53,15,0,0,0,0,0,0,0,0,0,0,11,0,36,0,1,1,0,,,
9,Oil palm monoculture,9,Oil Palm monoculture,-3.533708271,104.3545851,1,79,15,0,0,0,0,0,0,0,0,0,0,11,0,23,23,1,1,0,,,
9,Oil palm monoculture,9,Oil Palm monoculture,-3.530314895,104.3825838,1,59,14,0,0,0,0,0,0,0,0,0,0,11,0,34,0,1,1,0,,,
21,Cleared Land,21,Cleared land,-3.106446126,104.6811607,0,22,0,0,0.705622608,0,0,0,1,0,0,0,0,11,0,7,0,0,0,0,,,
21,Cleared Land,21,Cleared land,-3.108301112,104.6770316,0,21,0,0,0.509052118,1,0,0,1,0,0,0,0,11,0,9,0,0,0,0,,,
21,Cleared Land,21,Cleared land,-3.107828448,104.7266302,0,15,0,0,0,1,0.895758417,0,1,0,0,0,0,11,1,5,0,0,0,0,,,
21,Cleared Land,21,Cleared land,-3.20275825,104.6383801,0,2,0,0,0.487469178,0,0,0,1,1,0,0,0,11,0,14,0,0,0,0,,,
21,Cleared Land,21,Cleared land,-3.20007833,104.6358919,0,4,0,0,0.807438154,0,0,0,1,0,0,0,0,12,0,16,0,0,0,0,,,
21,Cleared Land,21,Cleared land,-3.192096539,104.6281331,0,3,0,0,0.27523475,0,0,0,1,2,0,0,0,11,0,20,0,0,0,0,,,
21,Cleared Land,21,Cleared land,-3.198722763,104.6179708,0,0,0,0,0.060483778,0,0,0,1,3,0,0,0,21,0,19,0,0,0,0,,,
21,Cleared Land,21,Cleared land,-3.185109128,104.6180154,0,19,0,0,0,0,0.43760525,0,1,0,0,0,0,12,1,20,0,0,0,0,,,
21,Cleared Land,21,Cleared land,-3.186473613,104.6457332,0,0,0,0,0.875225427,0,0,0,1,1,0,0,0,12,0,7,0,0,0,0,,,
21,Cleared Land,21,Cleared land,-3.307087837,104.5909442,0,5,0,0,0,0,0.830386957,0,1,0,0,0,0,11,1,24,0,1,0,0,,,
21,Cleared Land,21,Cleared land,-3.400867191,104.6277853,0,9,0,0,0,1,0,0,1,0,0,0,0,11,1,17,0,1,0,0,,,
21,Cleared Land,21,Cleared land,-3.474228322,104.5742939,0,8,0,0,0.11960193,0,0,0,1,0,0,0,0,11,0,34,0,0,0,0,,,
21,Cleared Land,21,Cleared land,-3.512304586,104.4311032,0,10,0,0,0,0,0.410883955,1,1,0,0,0,0,12,1,24,0,0,0,0,,,
20,Settlement,20,Settlement,-3.504291581,104.3973568,0,9,0,0,0,0,0.9772,1,0,0,0,0,0,13,1,38,0,0,0,0,,,
20,Settlement,20,Settlement,-3.550376391,104.3742809,0,18,5,0,0,0,0.9918,1,0,0,0,0,0,13,1,24,0,0,0,0,,,
21,Cleared Land,21,Cleared land,-3.512621182,104.4426256,0,7,3,0,0,0,0.52069214,0,1,0,0,0,0,11,1,22,0,0,0,0,,,
21,Cleared Land,21,Cleared land,-3.515314479,104.4215162,0,6,0,0,0.667434065,0,0.728383157,1,1,0,0,0,0,12,1,36,0,0,0,0,,,
21,Cleared Land,21,Cleared land,-3.484056181,104.433636,0,40,0,0,0.608356101,0,0,0,1,0,0,0,0,11,0,39,0,0,0,0,,,
21,Cleared Land,21,Cleared land,-3.48901916,104.4343896,0,27,5,0,0.420889982,0,0,0,1,0,0,0,0,11,0,48,0,0,0,1,,,
21,Cleared Land,21,Cleared land,-3.433405252,104.4581923,0,35,0,0,0.801618639,0,0,0,1,0,0,0,0,11,0,36,0,0,0,0,,,
21,Cleared Land,21,Cleared land,-3.453395402,104.4691394,0,42,0,0,0.033608846,0,0,0,1,0,0,0,0,11,0,36,0,0,0,0,,,
21,Cleared Land,21,Cleared land,-3.467619934,104.4641318,1,26,15,0,0,0,0,0,1,0,0,0,0,11,0,40,15,0,0,1,,,
21,Cleared Land,21,Cleared land,-3.481139929,104.4681405,1,37,12,0,0,0,0,0,1,0,0,0,0,11,0,46,17,0,0,1,,,
2,Secondary Dryland Forest,2,Logged-over forest,-3.467468325,104.4508437,1,48,15,0,0,0,0,0,0,0,0,0,0,11,0,42,0,0,0,0,,,
2,Secondary Dryland Forest,2,Logged-over forest,-3.472368877,104.4444895,1,48,14,0,0,0,0,0,0,0,0,0,0,11,0,48,0,0,0,1,,,
2,Secondary Dryland Forest,2,Logged-over forest,-3.477635075,104.4453991,1,43,14,0,0,0,0,0,0,0,0,0,0,11,0,41,0,0,0,0,,,
2,Secondary Dryland Forest,2,Logged-over forest,-3.449507066,104.4455819,1,46,12,0,0,0,0,0,0,0,0,0,0,11,0,34,22,0,0,0,,,
2,Secondary Dryland Forest,2,Logged-over forest,-3.479931512,104.4541702,0,45,5,0,0.842409401,0,0,0,0,0,0,0,0,11,0,45,0,0,0,1,,,
2,Secondary Dryland Forest,2,Logged-over forest,-3.583173079,104.3428799,1,49,15,0,0,0,0,0,0,0,0,0,0,11,0,38,0,0,0,0,,,
2,Secondary Dryland Forest,2,Logged-over forest,-3.430185781,104.4912119,1,47,12,0,0,0,0,0,0,0,0,0,0,11,0,37,12,0,0,1,,,
2,Secondary Dryland Forest,2,Logged-over forest,-3.41902911,104.5121385,1,43,15,0,0,0,0,0,0,0,0,0,0,11,0,33,9,0,0,1,,,
21,Cleared Land,21,Cleared land,-3.425650875,104.4956443,0,46,4,1,0,0,0,0,1,0,0,0,0,11,0,38,0,0,0,0,,,
21,Cleared Land,21,Cleared land,-3.057922189,104.7539288,0,14,0,0,0.491921731,1,0,0,1,0,0,0,0,12,0,5,0,0,0,0,,,
21,Cleared Land,21,Cleared land,-3.060709127,104.7532644,0,16,0,0,0,1,0.633897752,0,1,0,0,0,0,12,1,7,0,0,0,0,,,
20,Settlement,20,Settlement,-3.345494075,104.583386,0,19,0,0,0,0,0.9929,1,0,0,0,0,0,22,1,18,0,0,0,0,,,
20,Settlement,20,Settlement,-3.345801753,104.5822668,0,9,0,0,0,0,0.9598,1,0,0,0,0,0,22,1,21,0,0,0,0,,,
20,Settlement,20,Settlement,-3.386214585,104.5988992,0,13,0,0,0,0,0.9524,1,0,0,0,0,0,23,1,19,0,0,0,0,,,
20,Settlement,20,Settlement,-3.307034328,104.7256848,0,9,0,0,0,0,0.9395,1,0,0,0,0,0,21,1,13,0,0,0,0,,,
20,Settlement,20,Settlement,-3.043773461,104.748667,0,10,0,0,0,0,0.9715,1,0,0,0,0,0,30,1,9,0,0,0,0,,,
20,Settlement,20,Settlement,-3.045949502,104.7469146,0,7,0,0,0,0,0.9263,1,0,0,0,0,0,30,1,6,0,0,0,0,,,
20,Settlement,20,Settlement,-3.044647445,104.7769734,0,11,0,0,0,0,0.9372,1,0,2,0,0,0,30,1,7,0,0,0,0,,,
20,Settlement,20,Settlement,-3.696032927,104.5040809,0,14,0,0,0,0,0.9204,1,0,0,0,0,0,13,1,27,0,0,0,0,,,
20,Settlement,20,Settlement,-3.695034088,104.5036573,1,12,6,0,0,0,0.9421,1,0,0,0,0,0,13,1,26,0,0,0,0,,,
20,Settlement,20,Settlement,-3.696394114,104.5033541,0,13,0,0,0,0,0.9518,1,0,0,0,0,0,13,1,28,0,0,0,0,,,
21,Cleared Land,21,Cleared land,-3.575070892,104.4917738,0,37,0,0,0.731783788,0,0,0,1,0,0,0,0,11,0,34,0,0,0,0,,,
6,Secondary Swamp Forest,2,Logged-over forest,-3.676555573,104.5214669,1,47,14,0,0,0,0,0,0,0,13,0,0,11,0,26,0,0,0,0,,,
6,Secondary Swamp Forest,2,Logged-over forest,-3.678312459,104.5284855,1,42,10,0,0,0,0,0,0,0,12,0,0,11,0,21,0,0,0,0,,,
6,Secondary Swamp Forest,2,Logged-over forest,-3.659044683,104.5532648,0,43,3,1,0,0,0,0,0,0,18,0,0,11,0,19,0,0,0,0,,,
6,Secondary Swamp Forest,2,Logged-over forest,-3.660074736,104.5554453,0,32,0,0,0.465043562,1,0,0,0,0,10,0,0,11,0,17,0,0,0,0,,,
6,Secondary Swamp Forest,2,Logged-over forest,-3.581077301,104.6184301,0,32,0,0,0.676369657,0,0,0,0,0,35,0,0,11,0,21,0,0,0,0,,,
9,Oil palm monoculture,9,Oil Palm monoculture,-3.131412633,104.6008389,1,50,12,0,0,0,0,0,0,0,0,0,0,11,0,4,0,1,1,0,,,
9,Oil palm monoculture,9,Oil Palm monoculture,-3.133428147,104.6001968,1,43,11,0,0,0,0,0,0,0,0,0,0,11,0,2,0,1,1,0,,,
9,Oil palm monoculture,9,Oil Palm monoculture,-3.100444176,104.6274553,1,33,10,0,0,0,0,0,0,0,0,0,0,12,0,6,0,1,1,0,,,
9,Oil palm monoculture,9,Oil Palm monoculture,-3.142431072,104.5830427,1,37,10,0,0,0,0,0,0,0,0,0,0,11,0,4,0,1,1,0,,,
9,Oil palm monoculture,9,Oil Palm monoculture,-3.146622627,104.5767553,1,34,8,0,0,0,0,0,0,0,0,0,0,11,0,5,0,1,1,0,,,
9,Oil palm monoculture,9,Oil Palm monoculture,-3.134489413,104.5674403,1,51,10,0,0,0,0,0,0,0,0,0,0,12,0,9,0,1,1,0,,,
9,Oil palm monoculture,9,Oil Palm monoculture,-3.132308912,104.5873591,1,42,11,0,0,0,0,0,0,0,0,0,0,11,0,4,0,1,1,0,,,
9,Oil palm monoculture,9,Oil Palm monoculture,-3.135978752,104.6279592,1,52,11,0,0,0,0,0,0,0,0,0,0,11,0,3,0,1,1,0,,,
9,Oil palm monoculture,9,Oil Palm monoculture,-3.154122835,104.568127,1,44,12,0,0,0,0,0,0,0,0,0,0,12,0,4,0,1,1,0,,,
9,Oil palm monoculture,9,Oil Palm monoculture,-3.139287405,104.5825611,1,37,11,0,0,0,0,0,0,0,0,0,0,11,0,4,0,1,1,0,,,
13,Other Cropland,13,Cropland,-3.233378897,104.6258411,0,15,0,0,0.904103399,1,0,0,0,0,0,0,0,11,1,16,0,1,0,0,,,
13,Other Cropland,13,Cropland,-3.224919982,104.6092934,0,14,0,0,0.930478582,1,0,0,0,0,0,0,0,11,0,16,0,0,0,0,,,
6,Secondary Swamp Forest,2,Logged-over forest,-3.672823306,104.579462,1,39,10,0,0,0,0,0,0,0,14,0,0,11,0,23,0,0,0,0,,,
6,Secondary Swamp Forest,2,Logged-over forest,-3.652935715,104.5823559,0,45,4,1,0,0,0,0,0,0,25,0,0,11,0,24,0,0,0,0,,,
6,Secondary Swamp Forest,2,Logged-over forest,-3.682392536,104.5815756,0,28,0,0,0.744885773,0,0,0,0,0,16,0,0,11,0,18,0,0,0,0,,,
9,Oil palm monoculture,9,Oil Palm monoculture,-3.70509382,104.3912166,1,62,13,0,0,0,0,0,0,0,0,0,0,11,0,37,4,1,1,0,,,
9,Oil palm monoculture,9,Oil Palm monoculture,-3.705165166,104.3849828,1,64,13,0,0,0,0,0,0,0,0,0,0,11,0,31,7,1,1,0,,,
9,Oil palm monoculture,9,Oil Palm monoculture,-3.709731285,104.383373,1,56,13,0,0,0,0,0,0,0,0,0,0,11,0,27,5,1,1,0,,,
9,Oil palm monoculture,9,Oil Palm monoculture,-3.696452082,104.4001392,1,59,15,0,0,0,0,0,0,0,0,0,0,11,0,34,6,1,1,0,,,
9,Oil palm monoculture,9,Oil Palm monoculture,-3.711769094,104.3811078,1,56,14,0,0,0,0,0,0,0,0,0,0,11,0,45,5,1,1,0,,,
6,Secondary Swamp Forest,2,Logged-over forest,-3.654420596,104.5390269,1,40,9,0,0,0,0,0,0,0,20,0,0,11,0,17,0,0,0,0,,,
8,Rubber monoculture,4,Tree-based not oil palm,-3.610235363,104.5226308,1,44,15,0,0,0,0,0,0,0,0,0,0,11,0,37,0,0,0,1,,,0
8,Rubber monoculture,4,Tree-based not oil palm,-3.609214229,104.5259483,1,42,12,0,0,0,0,0,0,0,0,0,0,12,0,44,0,0,0,1,,,0
8,Rubber monoculture,4,Tree-based not oil palm,-3.6302924,104.499546,1,44,14,0,0,0,0,0,0,0,0,0,0,11,0,36,5,0,0,1,,,0
8,Rubber monoculture,4,Tree-based not oil palm,-3.271022628,104.7260282,0,42,3,1,0,0,0,0,0,0,0,0,0,11,0,13,0,0,0,1,,,0
8,Rubber monoculture,4,Tree-based not oil palm,-3.370282217,104.7491263,1,38,11,0,0,0,0,0,0,0,0,0,0,12,0,25,3,0,0,1,,,0
8,Rubber monoculture,4,Tree-based not oil palm,-3.351687766,104.691109,1,47,14,0,0,0,0,0,0,0,0,0,0,11,0,17,0,0,0,1,,,0
8,Rubber monoculture,4,Tree-based not oil palm,-3.373176174,104.729814,1,43,8,0,0,0,0,0,0,0,0,0,0,11,0,29,0,0,0,1,,,0
8,Rubber monoculture,4,Tree-based not oil palm,-3.380498018,104.7268442,1,46,8,0,0,0,0,0,0,0,0,0,0,11,0,23,17,0,0,1,,,0
18,Grass or Savanna,18,Grass and savanna,-3.563611003,104.5425719,0,52,3,1,0.968071026,0,0,0,0,0,0,0,0,11,0,25,0,0,0,1,,,
16,Mixed/home Garden,4,Tree-based not oil palm,-3.404768905,104.7350935,1,27,11,0,0,0,0,0,0,0,0,0,0,12,0,17,9,1,0,1,,,
15,Rubber agroforestry,4,Tree-based not oil palm,-3.362839978,104.7691611,1,42,11,0,0,0,0,0,0,0,0,0,0,21,0,17,0,1,0,1,,,1
15,Rubber agroforestry,4,Tree-based not oil palm,-3.36153792,104.7718856,1,42,13,0,0,0,0,0,0,0,0,0,0,21,0,18,0,1,0,0,,,1
15,Rubber agroforestry,4,Tree-based not oil palm,-3.374264195,104.7605862,1,36,9,0,0,0,0,0,0,0,0,0,0,11,0,15,22,1,0,1,,,1
15,Rubber agroforestry,4,Tree-based not oil palm,-3.737997527,104.5431872,1,37,7,0,0,0,0,0,0,0,0,0,0,13,0,27,0,1,0,0,,,1
15,Rubber agroforestry,4,Tree-based not oil palm,-3.738434518,104.5412698,0,30,0,0,0.799522173,0,0,0,0,0,0,0,0,13,0,19,0,1,0,1,,,1
15,Rubber agroforestry,4,Tree-based not oil palm,-3.743544648,104.5390715,1,31,6,0,0,0,0,0,0,0,0,0,0,13,0,21,2,1,0,1,,,1
15,Rubber agroforestry,4,Tree-based not oil palm,-3.215542493,104.5622543,1,38,10,0,0,0,0,0,0,0,0,0,0,12,0,19,0,1,0,1,,,1
15,Rubber agroforestry,4,Tree-based not oil palm,-3.203810598,104.5479228,0,44,0,0,0.754000948,0,0,0,0,0,0,0,0,21,0,15,0,1,0,1,,,1
15,Rubber agroforestry,4,Tree-based not oil palm,-3.329633052,104.5818877,1,39,14,0,0,0,0,0,0,0,0,0,0,11,0,26,0,1,0,1,,,1
15,Rubber agroforestry,4,Tree-based not oil palm,-3.329182683,104.5861819,1,33,15,0,0,0,0,0,0,0,0,0,0,11,0,26,0,1,0,1,,,1
15,Rubber agroforestry,4,Tree-based not oil palm,-3.545837026,104.3748472,0,37,5,0,0.818201687,0,0,0,0,0,0,0,0,13,0,23,0,1,0,0,,,1
15,Rubber agroforestry,4,Tree-based not oil palm,-3.547571616,104.3818703,1,40,9,0,0,0,0,0,0,0,0,0,0,11,0,35,12,1,0,1,,,1
15,Rubber agroforestry,4,Tree-based not oil palm,-3.544869401,104.3719176,1,38,11,0,0,0,0,0,0,0,0,0,0,13,0,24,0,1,0,1,,,1
15,Rubber agroforestry,4,Tree-based not oil palm,-3.55186573,104.3310945,1,39,12,0,0,0,0,0,0,0,0,0,0,12,0,21,0,1,0,1,,,1
15,Rubber agroforestry,4,Tree-based not oil palm,-3.552035176,104.3324189,1,44,13,0,0,0,0,0,0,0,0,0,0,13,0,25,0,1,0,1,,,1
15,Rubber agroforestry,4,Tree-based not oil palm,-3.552748632,104.3317322,1,51,14,0,0,0,0,0,0,0,0,0,0,13,0,26,23,1,0,1,,,1
15,Rubber agroforestry,4,Tree-based not oil palm,-3.553029556,104.3270234,1,49,10,0,0,0,0,0,0,0,0,0,0,12,0,33,18,1,0,1,,,1
9,Oil palm monoculture,9,Oil Palm monoculture,-3.697477675,104.3900394,1,70,14,0,0,0,0,0,0,0,0,0,0,12,0,38,4,1,1,0,,,
9,Oil palm monoculture,9,Oil Palm monoculture,-3.716959488,104.3849738,1,41,12,0,0,0,0,0,0,0,0,0,0,11,0,30,5,1,1,1,,,
9,Oil palm monoculture,9,Oil Palm monoculture,-3.71684801,104.3804612,1,50,16,0,0,0,0,0,0,0,0,0,0,12,0,47,6,1,1,0,,,
9,Oil palm monoculture,9,Oil Palm monoculture,-3.692523614,104.411394,1,53,12,0,0,0,0,0,0,0,0,0,0,11,0,28,5,1,1,0,,,
9,Oil palm monoculture,9,Oil Palm monoculture,-3.548882592,104.3939456,1,58,13,0,0,0,0,0,0,0,0,0,0,11,0,26,0,1,1,0,,,
9,Oil palm monoculture,9,Oil Palm monoculture,-3.540958769,104.4085848,1,62,15,0,0,0,0,0,0,0,0,0,0,11,0,26,0,1,1,0,,,
9,Oil palm monoculture,9,Oil Palm monoculture,-3.52785793,104.4215741,1,55,11,0,0,0,0,0,0,0,0,0,0,11,0,24,0,1,1,0,,,
9,Oil palm monoculture,9,Oil Palm monoculture,-3.52631954,104.3667584,1,63,14,0,0,0,0,0,0,0,0,0,0,11,0,24,0,1,1,0,,,
9,Oil palm monoculture,9,Oil Palm monoculture,-3.711617485,104.3904229,1,62,13,0,0,0,0,0,0,0,0,0,0,11,0,32,5,1,1,0,,,
9,Oil palm monoculture,9,Oil Palm monoculture,-3.707269861,104.3896024,1,63,14,0,0,0,0,0,0,0,0,0,0,11,0,35,4,1,1,0,,,
9,Oil palm monoculture,9,Oil Palm monoculture,-3.709637644,104.388666,1,67,13,0,0,0,0,0,0,0,0,0,0,11,0,32,5,1,1,1,,,
9,Oil palm monoculture,9,Oil Palm monoculture,-3.523265056,104.3856918,1,64,14,0,0,0,0,0,0,0,0,0,0,12,0,37,0,1,1,0,,,
9,Oil palm monoculture,9,Oil Palm monoculture,-3.536914365,104.4269697,1,69,14,0,0,0,0,0,0,0,0,0,0,11,0,29,0,1,1,0,,,
9,Oil palm monoculture,9,Oil Palm monoculture,-3.544731169,104.4013209,1,68,14,0,0,0,0,0,0,0,0,0,0,11,0,16,0,1,1,0,,,
8,Rubber monoculture,4,Tree-based not oil palm,-3.639246275,104.4593249,0,55,0,0,0.344693527,0,0,0,0,0,0,0,0,11,0,40,0,0,0,1,,,0
8,Rubber monoculture,4,Tree-based not oil palm,-3.627130897,104.4797565,1,37,13,0,0,0,0,0,0,0,0,0,0,11,0,43,0,0,0,1,,,0
8,Rubber monoculture,4,Tree-based not oil palm,-3.614832696,104.4837608,1,44,14,0,0,0,0,0,0,0,0,0,0,11,0,40,16,0,0,1,,,0
8,Rubber monoculture,4,Tree-based not oil palm,-3.653426216,104.4685731,1,48,16,0,0,0,0,0,0,0,0,0,0,11,0,33,8,0,0,1,,,0
9,Oil palm monoculture,9,Oil Palm monoculture,-3.656520832,104.4415331,1,45,14,0,0,0,0,0,0,0,0,0,0,11,0,36,0,1,1,0,,,
9,Oil palm monoculture,9,Oil Palm monoculture,-3.654500859,104.4402934,1,51,14,0,0,0,0,0,0,0,0,0,0,11,0,29,0,1,1,0,,,
9,Oil palm monoculture,9,Oil Palm monoculture,-3.657800594,104.4371988,1,39,12,0,0,0,0,0,0,0,0,0,0,11,0,33,0,1,1,0,,,
9,Oil palm monoculture,9,Oil Palm monoculture,-3.649421943,104.4475172,1,47,14,0,0,0,0,0,0,0,0,0,0,11,0,35,0,1,1,0,,,
9,Oil palm monoculture,9,Oil Palm monoculture,-3.661430302,104.4373237,1,53,13,0,0,0,0,0,0,0,0,0,0,11,0,33,0,1,1,0,,,
2,Secondary Dryland Forest,2,Logged-over forest,-3.718502337,104.5411494,1,39,11,0,0,0,0,0,0,0,0,0,0,11,0,33,9,0,0,1,,,
6,Secondary Swamp Forest,2,Logged-over forest,-3.543442489,104.5372165,0,29,0,0,0.112146823,0,0,0,0,0,39,0,0,11,0,15,0,0,0,0,,,
6,Secondary Swamp Forest,2,Logged-over forest,-3.25915696,104.6940475,1,30,9,0,0,0,0,0,0,0,20,0,0,11,0,13,9,0,0,1,,,
6,Secondary Swamp Forest,2,Logged-over forest,-3.219631488,104.606114,1,26,9,0,0,0,0,0,0,0,19,0,0,11,0,8,0,0,0,0,,,
6,Secondary Swamp Forest,2,Logged-over forest,-3.271530965,104.557162,0,29,0,0,0.029233171,0,0,0,0,0,14,0,0,11,0,6,0,0,0,0,,,
6,Secondary Swamp Forest,2,Logged-over forest,-3.273573234,104.5617103,0,30,0,0,0.899385189,0,0,0,0,0,16,0,0,11,0,6,0,0,0,0,,,
6,Secondary Swamp Forest,2,Logged-over forest,-3.193719652,104.6314105,0,15,0,0,0.63943399,0,0,0,0,0,26,0,0,11,0,11,0,0,0,0,,,
23,Waterbody,23,Waterbody,-3.151652493,104.6511822,0,26,0,0,0.092276534,0,0,0,0,0,0,0,0,11,0,6,0,0,0,0,,,
9,Oil palm monoculture,9,Oil Palm monoculture,-3.131234269,104.7131949,1,24,8,0,0,0,0,0,0,0,0,0,0,11,0,5,0,1,1,0,,,
9,Oil palm monoculture,9,Oil Palm monoculture,-3.120554722,104.7183407,1,19,10,0,0,0,0,0,0,0,0,0,0,11,0,6,0,1,1,0,,,
9,Oil palm monoculture,9,Oil Palm monoculture,-3.13291535,104.6341306,1,33,10,0,0,0,0,0,0,0,0,0,0,11,0,6,7,1,1,0,,,
21,Cleared Land,21,Cleared land,-3.107440506,104.6786146,0,27,3,1,0,0,0,0,1,0,0,0,0,11,0,10,0,0,0,0,,,
21,Cleared Land,21,Cleared land,-3.107672379,104.6833813,0,28,0,0,0.076629776,0,0,0,1,0,0,0,0,11,0,10,0,0,0,0,,,
21,Cleared Land,21,Cleared land,-3.11034784,104.6827482,0,33,0,0,0.46568688,1,0,0,1,0,0,0,0,11,0,8,0,0,0,0,,,
21,Cleared Land,21,Cleared land,-3.089844893,104.6737229,0,15,0,0,0.894462303,0,0,0,1,0,0,0,0,11,0,6,0,0,0,0,,,
21,Cleared Land,21,Cleared land,-3.08594318,104.6742179,0,26,3,1,0,0,0,0,1,0,0,0,0,11,0,9,0,0,0,0,,,
21,Cleared Land,21,Cleared land,-3.087392387,104.672675,0,23,0,0,0.311101394,0,0,0,1,0,0,0,0,11,0,8,0,0,0,0,,,
21,Cleared Land,21,Cleared land,-3.089572888,104.6745568,0,23,0,0,0.456781943,0,0,0,1,0,0,0,0,11,0,7,0,0,0,0,,,
21,Cleared Land,21,Cleared land,-3.108845123,104.6802065,0,31,0,0,0.074525984,1,0,0,1,0,0,0,0,11,0,8,0,0,0,0,,,
21,Cleared Land,21,Cleared land,-3.201215401,104.6396063,0,15,0,0,0.181606336,1,0,0,1,0,0,0,0,11,0,19,0,0,0,0,,,
21,Cleared Land,21,Cleared land,-3.18524736,104.5997331,0,32,0,0,0.001666263,0,0,0,1,0,0,0,0,11,0,17,0,0,0,0,,,
21,Cleared Land,21,Cleared land,-3.191918175,104.6161113,0,29,0,0,0.765155804,0,0.10706254,1,1,0,0,0,0,12,1,18,0,0,0,0,,,
21,Cleared Land,21,Cleared land,-3.190509099,104.6012313,0,32,0,0,0.724729856,0,0,0,1,0,0,0,0,12,0,20,0,0,0,0,,,
21,Cleared Land,21,Cleared land,-3.353422356,104.6985066,0,12,0,0,0.160707689,1,0,0,1,0,0,0,0,11,0,16,0,0,0,0,,,
21,Cleared Land,21,Cleared land,-3.39075395,104.6751053,0,11,0,0,0.178298809,1,0,0,1,0,0,0,0,12,0,24,0,0,0,0,,,
21,Cleared Land,21,Cleared land,-3.381363083,104.687894,0,13,0,0,0,1,0,0,1,0,0,0,0,11,1,20,0,1,0,0,,,
21,Cleared Land,21,Cleared land,-3.409080856,104.6316469,0,13,0,0,0,1,0,0,1,0,0,0,0,11,1,21,0,1,0,0,,,
21,Cleared Land,21,Cleared land,-3.429222615,104.601753,0,6,0,0,0,1,0,0,1,0,0,0,0,11,1,19,0,1,0,0,,,
21,Cleared Land,21,Cleared land,-3.29918631,104.6002682,0,13,0,0,0,1,0,0,1,0,0,0,0,11,1,16,0,1,0,0,,,
21,Cleared Land,21,Cleared land,-3.328348831,104.5444268,0,7,0,0,0,1,0,0,1,0,0,0,0,11,1,20,0,1,0,0,,,
21,Cleared Land,21,Cleared land,-3.305986439,104.6269559,0,10,0,0,0,1,0.368445966,0,1,0,0,0,0,11,1,20,0,1,0,0,,,
21,Cleared Land,21,Cleared land,-3.315301501,104.5594897,0,8,0,0,0,1,0,0,1,0,0,0,0,11,1,21,0,1,0,0,,,
21,Cleared Land,21,Cleared land,-3.492434832,104.5470131,0,5,0,0,0.196065701,1,0,0,1,0,0,0,0,11,0,37,0,0,0,0,,,
21,Cleared Land,21,Cleared land,-3.524611705,104.4433524,0,5,0,0,0,0,0.53349134,0,1,0,0,0,0,11,1,17,0,0,0,0,,,
21,Cleared Land,21,Cleared land,-3.417455047,104.5785345,0,46,0,0,0.618225169,0,0,0,1,0,0,0,0,11,0,11,0,0,0,1,,,
21,Cleared Land,21,Cleared land,-3.072650599,104.7385672,0,17,0,0,0.762529096,1,0,0,1,0,0,0,0,21,0,6,0,0,0,0,,,
21,Cleared Land,21,Cleared land,-3.058983455,104.7031887,0,17,0,0,0.522827482,1,0,0,1,0,0,0,0,11,0,4,0,0,0,0,,,
21,Cleared Land,21,Cleared land,-3.096600431,104.7345005,0,13,0,0,0,1,0.617991024,0,1,0,0,0,0,12,1,3,0,0,0,0,,,
21,Cleared Land,21,Cleared land,-3.575610444,104.4964291,0,36,0,0,0.831502105,0,0,0,1,0,0,0,0,11,0,29,0,0,0,0,,,
21,Cleared Land,21,Cleared land,-3.586709146,104.4752038,0,45,0,0,0.541641826,0,0,0,1,0,0,0,0,11,0,33,0,0,0,0,,,
6,Secondary Swamp Forest,2,Logged-over forest,-3.558398313,104.6150412,0,34,0,0,0.210740857,1,0,0,0,0,39,0,0,11,0,13,0,0,0,0,,,
6,Secondary Swamp Forest,2,Logged-over forest,-3.577331657,104.6134671,0,27,0,0,0.146490454,0,0,0,0,0,24,0,0,11,0,12,0,0,0,0,,,
17,Paddy Field,18,Grass and savanna,-3.119114432,104.7950417,0,8,0,0,0.90482781,1,0,0,1,0,0,0,0,21,1,4,0,1,0,0,,,
17,Paddy Field,18,Grass and savanna,-3.107502933,104.7863464,0,10,0,0,0.97393815,1,0,0,0,0,0,0,0,21,1,7,0,1,0,0,,,
17,Paddy Field,18,Grass and savanna,-3.106838527,104.7853209,0,8,0,0,0.931402843,1,0,0,0,0,0,0,0,21,1,6,0,1,0,0,,,
9,Oil palm monoculture,9,Oil Palm monoculture,-3.136411285,104.6142251,1,47,12,0,0,0,0,0,0,0,0,0,0,12,0,4,7,1,1,0,,,
9,Oil palm monoculture,9,Oil Palm monoculture,-3.146515608,104.6492558,0,17,0,0,0.091695899,0,0,0,0,0,0,0,0,11,0,5,0,1,0,0,,,
13,Other Cropland,13,Cropland,-3.215444392,104.6667578,0,12,0,0,0.900154378,1,0,0,1,0,0,0,0,21,0,8,0,0,0,1,,,
13,Other Cropland,13,Cropland,-3.208911809,104.6773125,0,19,0,0,0.987688295,1,0,0,0,0,0,0,0,11,0,5,0,0,0,0,,,
8,Rubber monoculture,4,Tree-based not oil palm,-3.265827775,104.7291808,0,47,0,0,0.562776882,0,0,0,0,0,0,0,0,12,0,13,0,0,0,1,,,0
8,Rubber monoculture,4,Tree-based not oil palm,-3.26758912,104.7248777,0,38,5,0,0.45607836,0,0,0,0,0,0,0,0,12,0,12,0,0,0,1,,,0
8,Rubber monoculture,4,Tree-based not oil palm,-3.26833379,104.7285164,0,33,5,0,0.282478796,0,0,0,0,0,0,0,0,11,0,7,0,0,0,1,,,0
8,Rubber monoculture,4,Tree-based not oil palm,-3.386878991,104.7403241,1,33,15,0,0,0,0,0,0,0,0,0,0,11,0,34,9,0,0,1,,,0
8,Rubber monoculture,4,Tree-based not oil palm,-3.385590311,104.7342151,0,23,3,1,0,0,0,0,0,0,0,0,0,11,0,36,0,0,0,1,,,0
18,Grass or Savanna,18,Grass and savanna,-3.304697759,104.6779145,0,14,0,0,0.970715732,1,0.457164867,0,0,0,0,0,0,21,1,12,0,0,0,0,,,
18,Grass or Savanna,18,Grass and savanna,-3.304755727,104.6776692,0,12,0,0,0.978255956,1,0,0,0,0,0,0,0,21,0,14,0,0,0,0,,,
18,Grass or Savanna,18,Grass and savanna,-3.140888223,104.699987,0,13,0,0,0.902025406,1,0,0,0,0,0,0,0,11,0,4,0,0,0,0,,,
18,Grass or Savanna,18,Grass and savanna,-3.140090044,104.696607,0,16,0,0,0.998504423,1,0,0,1,0,0,0,0,11,0,3,0,0,0,0,,,
18,Grass or Savanna,18,Grass and savanna,-3.142560386,104.6999157,0,14,0,0,0.916846303,1,0,0,0,0,0,0,0,11,0,4,0,0,0,0,,,
18,Grass or Savanna,18,Grass and savanna,-3.103030455,104.7083434,0,21,0,0,0.900050541,1,0,0,1,0,0,0,0,21,0,4,0,0,0,0,,,
18,Grass or Savanna,18,Grass and savanna,-3.102334835,104.7114781,0,16,0,0,0.99178887,0,0,0,0,0,0,0,0,21,0,5,0,0,0,0,,,
18,Grass or Savanna,18,Grass and savanna,-3.131381419,104.7101538,0,15,0,0,0.936520128,0,0,0,0,0,0,0,0,11,0,4,0,0,0,0,,,
18,Grass or Savanna,18,Grass and savanna,-3.408670618,104.7225858,0,12,0,0,0.999287911,1,0,0,1,0,0,0,0,11,0,19,0,0,0,0,,,
18,Grass or Savanna,18,Grass and savanna,-3.5783082,104.494583,0,29,0,0,0.909014806,0,0,0,0,0,0,0,0,11,0,30,0,0,0,0,,,
18,Grass or Savanna,18,Grass and savanna,-3.562634459,104.5420145,0,38,5,0,0.973626063,0,0,0,0,0,0,0,0,11,0,29,0,0,0,1,,,
18,Grass or Savanna,18,Grass and savanna,-3.577331657,104.4959074,0,30,0,0,0.992470442,0,0,0,0,0,0,0,0,11,0,31,0,0,0,0,,,
16,Mixed/home Garden,4,Tree-based not oil palm,-3.355696498,104.7940696,0,9,0,0,0,1,0.654072622,1,0,0,0,0,0,21,1,9,0,1,0,0,,,
16,Mixed/home Garden,4,Tree-based not oil palm,-3.3567756,104.7936861,0,11,0,0,0,1,0,0,0,0,0,0,0,21,1,9,0,1,0,0,,,
16,Mixed/home Garden,4,Tree-based not oil palm,-3.210762336,104.631085,0,12,0,0,0.892342894,1,0.147352645,1,0,0,0,0,0,21,1,19,0,1,0,0,,,
16,Mixed/home Garden,4,Tree-based not oil palm,-3.215636134,104.6275534,0,12,0,0,0.067336459,1,0,0,1,0,0,0,0,21,0,19,0,1,0,1,,,
16,Mixed/home Garden,4,Tree-based not oil palm,-3.222694891,104.6236517,1,24,7,0,0,0,0,0,0,0,0,0,0,11,0,18,23,1,0,1,,,
16,Mixed/home Garden,4,Tree-based not oil palm,-3.222882173,104.626996,0,16,0,0,0.014772589,1,0,0,0,0,0,0,0,11,0,12,0,1,0,0,,,
16,Mixed/home Garden,4,Tree-based not oil palm,-3.066162607,104.7168514,0,33,0,0,0.217158427,1,0,0,0,0,0,0,0,21,0,6,0,1,0,0,,,
16,Mixed/home Garden,4,Tree-based not oil palm,-3.065466988,104.7154066,0,15,0,0,0.406054371,0,0,0,0,0,0,0,0,12,0,9,0,1,0,1,,,
15,Rubber agroforestry,4,Tree-based not oil palm,-3.364387286,104.7645191,1,30,9,0,0,0,0,0,0,0,0,0,0,21,0,18,0,1,0,1,,,1
17,Paddy Field,18,Grass and savanna,-3.06436113,104.7654823,0,10,0,0,0.967865087,1,0,0,1,0,0,0,0,12,1,6,0,1,0,0,,,
2,Secondary Dryland Forest,2,Logged-over forest,-3.621445543,104.572595,1,29,11,0,0,0,0,0,0,0,0,0,0,11,0,28,0,0,0,1,,,
2,Secondary Dryland Forest,2,Logged-over forest,-3.75152198,104.3727782,1,42,13,0,0,0,0,0,0,0,0,0,0,11,0,47,8,0,0,0,,,
6,Secondary Swamp Forest,2,Logged-over forest,-3.541226315,104.5624059,1,33,8,0,0,0,0,0,0,0,19,0,0,11,0,14,0,0,0,0,,,
6,Secondary Swamp Forest,2,Logged-over forest,-3.537074892,104.5373592,0,24,0,0,0.70226102,0,0,0,0,0,14,0,0,11,0,13,0,0,0,1,,,
6,Secondary Swamp Forest,2,Logged-over forest,-3.259085614,104.6918626,0,32,5,0,0.138553493,0,0,0,0,0,38,0,0,11,0,7,0,0,0,1,,,
6,Secondary Swamp Forest,2,Logged-over forest,-3.261052078,104.695791,1,35,8,0,0,0,0,0,0,0,14,0,0,11,0,12,0,0,0,1,,,
6,Secondary Swamp Forest,2,Logged-over forest,-3.264249253,104.6872028,1,37,8,0,0,0,0,0,0,0,34,0,0,21,0,11,2,0,0,1,,,
6,Secondary Swamp Forest,2,Logged-over forest,-3.264035217,104.6969593,1,37,11,0,0,0,0,0,0,0,11,0,0,11,0,13,22,0,0,1,,,
6,Secondary Swamp Forest,2,Logged-over forest,-3.273024764,104.5610548,1,32,6,0,0,0,0,0,0,0,12,0,0,11,0,8,0,0,0,0,,,
6,Secondary Swamp Forest,2,Logged-over forest,-3.246274617,104.6190677,1,22,6,0,0,0,0,0,0,0,30,0,0,11,0,10,0,0,0,0,,,
6,Secondary Swamp Forest,2,Logged-over forest,-3.260178094,104.6292256,1,32,12,0,0,0,0,0,0,0,17,0,0,11,0,11,7,0,0,1,,,
6,Secondary Swamp Forest,2,Logged-over forest,-3.259848121,104.6278432,1,24,7,0,0,0,0,0,0,0,33,0,0,11,0,11,7,0,0,1,,,
6,Secondary Swamp Forest,2,Logged-over forest,-3.568083481,104.6236205,0,26,3,1,0,0,0,0,0,0,36,0,0,11,0,14,0,0,0,1,,,
6,Secondary Swamp Forest,2,Logged-over forest,-3.702275668,104.5979985,1,42,6,0,0,0,0,0,0,0,33,0,0,11,0,26,0,0,0,0,,,
6,Secondary Swamp Forest,2,Logged-over forest,-3.705624453,104.6049101,0,27,3,1,0,0,0,0,0,0,23,0,0,11,0,24,0,0,0,0,,,
6,Secondary Swamp Forest,2,Logged-over forest,-3.537494048,104.545332,0,30,5,0,0.718907808,0,0,0,0,0,19,0,0,12,0,14,0,0,0,0,,,
23,Waterbody,23,Waterbody,-3.156740327,104.6414167,0,18,0,0,0.812879004,0,0,0,0,0,0,0,0,11,0,7,0,0,0,0,,,
23,Waterbody,23,Waterbody,-3.363651534,104.7111437,0,28,0,0,0.53746728,1,0,0,0,0,0,0,0,11,0,7,0,0,0,0,,,
9,Oil palm monoculture,9,Oil Palm monoculture,-3.123083032,104.7220774,1,21,6,0,0,0,0,0,0,0,0,0,0,11,0,3,0,1,1,0,,,
9,Oil palm monoculture,9,Oil Palm monoculture,-3.136620863,104.7197007,0,20,0,0,0.424343093,1,0,0,0,0,0,0,0,12,0,5,0,1,1,0,,,
9,Oil palm monoculture,9,Oil Palm monoculture,-3.119488997,104.7250383,1,19,10,0,0,0,0,0,0,0,0,0,0,11,0,4,0,1,1,0,,,
9,Oil palm monoculture,9,Oil Palm monoculture,-3.08668339,104.6965491,1,23,9,0,0,0,0,0,0,0,0,0,0,11,0,6,0,1,1,0,,,
9,Oil palm monoculture,9,Oil Palm monoculture,-3.085323364,104.6974498,1,17,8,0,0,0,0,0,0,0,0,0,0,11,0,6,0,1,0,0,,,
9,Oil palm monoculture,9,Oil Palm monoculture,-3.084890832,104.6947833,1,23,10,0,0,0,0,0,0,0,0,0,0,11,0,5,0,1,0,0,,,
9,Oil palm monoculture,9,Oil Palm monoculture,-3.083918748,104.6959426,1,20,10,0,0,0,0,0,0,0,0,0,0,11,0,5,0,1,1,0,,,
9,Oil palm monoculture,9,Oil Palm monoculture,-3.132777118,104.6322265,1,33,10,0,0,0,0,0,0,0,0,0,0,11,0,5,0,1,1,0,,,
9,Oil palm monoculture,9,Oil Palm monoculture,-3.138698804,104.6253863,1,37,11,0,0,0,0,0,0,0,0,0,0,11,0,8,7,1,1,0,,,
9,Oil palm monoculture,9,Oil Palm monoculture,-3.143545847,104.6136455,1,25,10,0,0,0,0,0,0,0,0,0,0,11,0,8,7,1,0,0,,,
9,Oil palm monoculture,9,Oil Palm monoculture,-3.13753052,104.6216451,1,50,11,0,0,0,0,0,0,0,0,0,0,12,0,9,0,1,1,0,,,
9,Oil palm monoculture,9,Oil Palm monoculture,-3.134667777,104.6075766,1,24,12,0,0,0,0,0,0,0,0,0,0,12,0,4,3,1,1,0,,,
9,Oil palm monoculture,9,Oil Palm monoculture,-3.125669311,104.6345096,1,33,9,0,0,0,0,0,0,0,0,0,0,11,0,9,8,1,1,0,,,
9,Oil palm monoculture,9,Oil Palm monoculture,-3.115787943,104.6734375,1,31,11,0,0,0,0,0,0,0,0,0,0,11,0,10,9,1,1,0,,,
9,Oil palm monoculture,9,Oil Palm monoculture,-3.128986882,104.636262,1,28,10,0,0,0,0,0,0,0,0,0,0,11,0,7,4,1,1,0,,,
21,Cleared Land,21,Cleared land,-3.354421195,104.7002323,0,12,0,0,0.013281034,1,0,0,1,0,0,0,0,11,0,20,0,0,0,0,,,
21,Cleared Land,21,Cleared land,-3.352106921,104.6980072,0,21,0,0,0.535921866,1,0,0,1,0,0,0,0,11,0,15,0,0,0,0,,,
21,Cleared Land,21,Cleared land,-3.34566798,104.7181044,0,12,0,0,0.872326025,1,0,0,1,0,0,0,0,11,0,18,0,0,0,0,,,
21,Cleared Land,21,Cleared land,-3.344669141,104.7177878,0,12,0,0,0,1,0,0,1,0,0,0,0,11,1,16,0,1,0,0,,,
21,Cleared Land,21,Cleared land,-3.38599163,104.6892584,0,11,0,0,0,1,0,0,1,0,0,0,0,11,1,17,0,1,0,0,,,
21,Cleared Land,21,Cleared land,-3.414387186,104.6521052,0,13,0,0,0,1,0.642451461,0,1,0,0,0,0,11,1,24,0,1,0,0,,,
21,Cleared Land,21,Cleared land,-3.429405438,104.6088341,0,14,0,0,0.281892051,1,0,0,1,0,0,0,0,11,0,24,0,0,0,0,,,
21,Cleared Land,21,Cleared land,-3.432308313,104.6129097,0,8,0,0,0,1,0,0,1,0,0,0,0,11,1,23,0,1,0,0,,,
21,Cleared Land,21,Cleared land,-3.314637095,104.5599133,0,10,0,0,0,1,0,0,1,0,0,0,0,11,1,23,0,1,0,0,,,
21,Cleared Land,21,Cleared land,-3.487717103,104.5880814,0,9,0,0,0.1083252,1,0,0,1,0,0,0,0,11,0,20,0,0,0,0,,,
21,Cleared Land,21,Cleared land,-3.438863192,104.5158172,0,29,3,1,0,0,0,0,1,0,0,0,0,12,0,31,0,0,0,1,,,
21,Cleared Land,21,Cleared land,-3.423381193,104.5655897,0,30,5,0,0.337154165,0,0,0,1,0,0,0,0,13,0,20,0,0,0,1,,,
21,Cleared Land,21,Cleared land,-3.443460525,104.491863,0,19,3,1,0,0,0,0,1,0,0,0,0,11,0,37,0,0,0,1,,,
21,Cleared Land,21,Cleared land,-3.576457673,104.4935307,0,30,0,0,0.380126277,0,0,0,1,0,0,0,0,11,0,31,0,0,0,0,,,
17,Paddy Field,18,Grass and savanna,-3.106352485,104.7861948,0,8,0,0,0.978011462,1,0,0,0,0,0,0,0,21,1,4,0,1,0,0,,,
17,Paddy Field,18,Grass and savanna,-3.106272221,104.7625482,0,9,0,0,0.991540736,1,0,0,1,0,0,0,0,21,1,3,0,1,0,0,,,
9,Oil palm monoculture,9,Oil Palm monoculture,-3.097866816,104.62721,1,27,10,0,0,0,0,0,0,0,0,0,0,12,0,5,0,1,1,0,,,
9,Oil palm monoculture,9,Oil Palm monoculture,-3.097862357,104.6297919,1,29,10,0,0,0,0,0,0,0,0,0,0,12,0,6,0,1,1,0,,,
9,Oil palm monoculture,9,Oil Palm monoculture,-3.149124182,104.5644973,1,33,10,0,0,0,0,0,0,0,0,0,0,11,0,3,0,1,1,0,,,
9,Oil palm monoculture,9,Oil Palm monoculture,-3.140897141,104.6003796,1,30,12,0,0,0,0,0,0,0,0,0,0,12,0,1,6,1,1,0,,,
9,Oil palm monoculture,9,Oil Palm monoculture,-3.153953389,104.6092889,1,18,8,0,0,0,0,0,0,0,0,0,0,11,0,10,2,1,0,0,,,
9,Oil palm monoculture,9,Oil Palm monoculture,-3.157146105,104.6022435,0,15,3,1,0,0,0,0,0,0,0,0,0,11,0,8,0,1,0,0,,,
9,Oil palm monoculture,9,Oil Palm monoculture,-3.145699593,104.6548208,0,18,0,0,0.89978854,0,0,0,0,0,0,0,0,11,0,4,0,1,0,0,,,
9,Oil palm monoculture,9,Oil Palm monoculture,-3.171219028,104.5810361,0,21,5,0,0.059415958,0,0,0,0,0,0,0,0,11,0,6,0,1,0,0,,,
13,Other Cropland,13,Cropland,-3.225865311,104.6174357,0,13,0,0,0.929735377,1,0,0,0,0,0,0,0,11,0,16,0,0,0,0,,,
13,Other Cropland,13,Cropland,-3.232027789,104.673549,0,13,0,0,0.917515714,1,0,0,1,0,0,0,0,21,0,5,0,0,0,1,,,
13,Other Cropland,13,Cropland,-3.770517751,104.5211949,0,11,0,0,0.916381164,0,0,0,0,0,0,0,0,13,1,19,0,1,0,0,,,
13,Other Cropland,13,Cropland,-3.770977038,104.5205216,0,13,0,0,0.963953487,1,0,0,0,0,0,0,0,13,1,15,0,1,0,0,,,
13,Other Cropland,13,Cropland,-3.771293634,104.519826,0,11,0,0,0.978066401,1,0,0,0,0,0,0,0,13,1,15,0,1,0,0,,,
8,Rubber monoculture,4,Tree-based not oil palm,-3.607439507,104.5165798,0,28,5,0,0.097083385,0,0,0,0,0,0,0,0,12,0,42,0,0,0,1,,,0
8,Rubber monoculture,4,Tree-based not oil palm,-3.607644625,104.5154025,1,29,6,0,0,0,0,0,0,0,0,0,0,12,0,36,0,0,0,1,,,0
8,Rubber monoculture,4,Tree-based not oil palm,-3.592251809,104.5485515,0,30,0,0,0.073927106,0,0,0,0,0,0,0,0,11,0,19,0,0,0,1,,,0
8,Rubber monoculture,4,Tree-based not oil palm,-3.62999364,104.5065602,1,31,7,0,0,0,0,0,0,0,0,0,0,11,0,35,7,0,0,1,,,0
8,Rubber monoculture,4,Tree-based not oil palm,-3.269519911,104.7316689,0,30,5,0,0.394802836,0,0,0,0,0,0,0,0,11,0,10,0,0,0,1,,,0
8,Rubber monoculture,4,Tree-based not oil palm,-3.267219015,104.7320747,0,25,4,1,0,0,0,0,0,0,0,0,0,12,0,10,0,0,0,1,,,0
8,Rubber monoculture,4,Tree-based not oil palm,-3.156945446,104.5529125,0,12,0,0,0.418370099,1,0,0,0,0,0,0,0,11,0,6,0,0,0,0,,,0
8,Rubber monoculture,4,Tree-based not oil palm,-3.172851059,104.5493096,0,41,0,0,0.023990765,1,0,0,0,0,0,0,0,21,0,1,0,0,0,1,,,0
18,Grass or Savanna,18,Grass and savanna,-3.409714048,104.7218589,0,13,0,0,0.906581513,1,0,0,0,0,0,0,0,11,1,20,0,1,0,0,,,
18,Grass or Savanna,18,Grass and savanna,-3.404978483,104.7298318,0,13,0,0,0.918335495,1,0.187345869,0,0,0,0,0,0,11,1,13,0,1,0,0,,,
18,Grass or Savanna,18,Grass and savanna,-3.404661886,104.7145817,0,8,0,0,0.903349163,1,0.090129464,0,0,0,0,0,0,11,1,19,0,1,0,0,,,
18,Grass or Savanna,18,Grass and savanna,-3.404104499,104.73063,0,13,0,0,0.94984259,1,0,0,0,0,0,0,0,11,0,13,0,0,0,0,,,
18,Grass or Savanna,18,Grass and savanna,-3.404875923,104.7314014,0,9,0,0,0.96336001,1,0,0,0,0,0,0,0,12,1,15,0,1,0,0,,,
16,Mixed/home Garden,4,Tree-based not oil palm,-3.35642779,104.7927453,0,14,0,0,0,1,0,0,0,0,0,0,0,21,1,8,0,1,0,0,,,
16,Mixed/home Garden,4,Tree-based not oil palm,-3.214151253,104.6306168,0,14,0,0,0.21957579,1,0,0,0,0,0,0,0,21,0,15,0,1,0,0,,,
16,Mixed/home Garden,4,Tree-based not oil palm,-3.134935323,104.6986003,0,17,0,0,0.631097251,0,0,0,0,0,0,0,0,12,0,4,0,1,0,0,,,
16,Mixed/home Garden,4,Tree-based not oil palm,-3.067094559,104.7151747,0,20,0,0,0.474432399,0,0,0,0,0,0,0,0,21,0,3,0,1,0,0,,,
16,Mixed/home Garden,4,Tree-based not oil palm,-3.404024235,104.7388124,0,14,0,0,0.399506272,0,0,0,0,0,0,0,0,12,0,30,0,1,0,0,,,
15,Rubber agroforestry,4,Tree-based not oil palm,-3.214994023,104.686195,0,17,0,0,0.392870566,1,0,0,0,0,0,0,0,11,0,8,0,1,0,1,,,1
15,Rubber agroforestry,4,Tree-based not oil palm,-3.737257316,104.5440523,0,27,0,0,0.723161096,0,0,0,0,0,0,0,0,11,0,19,0,1,0,1,,,1
15,Rubber agroforestry,4,Tree-based not oil palm,-3.714658592,104.4262919,1,46,10,0,0,0,0,0,0,0,0,0,0,13,0,31,0,1,0,1,,,1
15,Rubber agroforestry,4,Tree-based not oil palm,-3.212572731,104.5735894,1,25,6,0,0,0,0,0,0,0,0,0,0,11,0,25,0,1,0,1,,,1
15,Rubber agroforestry,4,Tree-based not oil palm,-3.211177033,104.5733084,1,29,9,0,0,0,0,0,0,0,0,0,0,12,0,23,0,1,0,1,,,1
15,Rubber agroforestry,4,Tree-based not oil palm,-3.21247909,104.5693175,1,25,6,0,0,0,0,0,0,0,0,0,0,11,0,21,0,1,0,1,,,1
15,Rubber agroforestry,4,Tree-based not oil palm,-3.199975771,104.5521009,0,38,5,0,0.406261971,1,0,0,0,0,0,0,0,21,0,14,0,1,0,1,,,1
15,Rubber agroforestry,4,Tree-based not oil palm,-3.190598281,104.6622943,1,32,8,0,0,0,0,0,0,0,0,0,0,23,0,10,0,1,0,1,,,1
15,Rubber agroforestry,4,Tree-based not oil palm,-3.191062028,104.6615897,1,24,8,0,0,0,0.473768077,0,0,0,0,0,0,23,1,11,18,1,0,0,,,1
15,Rubber agroforestry,4,Tree-based not oil palm,-3.187954034,104.6625395,1,27,8,0,0,0,0,0,0,0,0,0,0,23,0,10,0,1,0,1,,,1
15,Rubber agroforestry,4,Tree-based not oil palm,-3.188431158,104.6630746,1,32,9,0,0,0,0,0,0,0,0,0,0,23,0,10,0,1,0,1,,,1
15,Rubber agroforestry,4,Tree-based not oil palm,-3.381804534,104.5132889,1,39,11,0,0,0,0,0,0,0,0,0,0,11,0,24,4,1,0,1,,,1
15,Rubber agroforestry,4,Tree-based not oil palm,-3.381889257,104.5102344,0,36,0,0,0.222867834,0,0,0,0,0,0,0,0,11,0,24,0,1,0,1,,,1
15,Rubber agroforestry,4,Tree-based not oil palm,-3.553711798,104.325262,1,32,9,0,0,0,0,0,0,0,0,0,0,12,0,35,0,1,0,1,,,1
17,Paddy Field,18,Grass and savanna,-3.367379343,104.8100064,0,17,0,0,0.947048547,1,0,0,0,0,0,0,0,12,1,8,0,1,0,0,,,
17,Paddy Field,18,Grass and savanna,-3.365510979,104.8124812,0,34,0,0,0.997426806,1,0,0,0,0,0,0,0,12,0,8,0,0,0,0,,,
9,Oil palm monoculture,9,Oil Palm monoculture,-3.095730906,104.7376932,0,7,0,0,0,1,0,0,0,0,0,0,0,12,1,5,0,1,0,0,,,
9,Oil palm monoculture,9,Oil Palm monoculture,-3.095124469,104.7384869,0,18,0,0,0.302182333,1,0,0,1,0,0,0,0,12,0,5,0,1,0,0,,,
8,Rubber monoculture,4,Tree-based not oil palm,-3.634582055,104.4665486,1,52.5,10,0,0,0,0,0,0,0,0,0,0,11,0,37,18,0,0,1,,,0
8,Rubber monoculture,4,Tree-based not oil palm,-3.625235779,104.4698484,1,43,9,0,0,0,0,0,0,0,0,0,0,11,0,45,18,0,0,1,,,0
8,Rubber monoculture,4,Tree-based not oil palm,-3.639433557,104.4620895,1,49,6,0,0,0,0,0,0,0,0,0,0,11,0,35,18,0,0,1,,,0
8,Rubber monoculture,4,Tree-based not oil palm,-3.643477962,104.4568055,1,42,11,0,0,0,0,0,0,0,0,0,0,11,0,46,0,0,0,1,,,0
2,Secondary Dryland Forest,2,Logged-over forest,-3.700260154,104.5591017,1,24,12,0,0,0,0,0,0,0,0,0,0,11,0,26,14,0,0,1,,,
2,Secondary Dryland Forest,2,Logged-over forest,-3.754407018,104.5672307,1,30,15,0,0,0,0,0,0,0,0,0,0,11,0,29,1,0,0,0,,,
9,Oil palm monoculture,9,Oil Palm monoculture,-3.121963798,104.7248911,1,23,6,0,0,0,0,0,0,0,0,0,0,11,0,4,0,1,1,0,,,
9,Oil palm monoculture,9,Oil Palm monoculture,-3.117794538,104.7170297,1,19,9,0,0,0,0,0,0,0,0,0,0,11,0,2,0,1,1,0,,,
9,Oil palm monoculture,9,Oil Palm monoculture,-3.12026488,104.7220284,1,21,6,0,0,0,0,0,0,0,0,0,0,11,0,3,0,1,1,0,,,
9,Oil palm monoculture,9,Oil Palm monoculture,-3.118423272,104.7229024,1,18,8,0,0,0,0,0,0,0,0,0,0,11,0,2,0,1,0,0,,,
9,Oil palm monoculture,9,Oil Palm monoculture,-3.105161905,104.6421882,1,25,6,0,0,0,0,0,0,0,0,0,0,12,0,3,0,1,0,1,,,
9,Oil palm monoculture,9,Oil Palm monoculture,-3.099882329,104.6257564,1,34,11,0,0,0,0,0,0,0,0,0,0,12,0,4,0,1,1,0,,,
15,Rubber agroforestry,4,Tree-based not oil palm,-3.382464481,104.5159287,0,32,3,1,0,0,0,0,0,0,0,0,0,11,0,25,0,1,0,1,,,1
2,Secondary Dryland Forest,2,Logged-over forest,-3.630412795,104.570633,1,38,11,0,0,0,0,0,0,0,0,0,0,11,0,35,0,0,0,1,,,
2,Secondary Dryland Forest,2,Logged-over forest,-3.608144045,104.5883088,1,21,7,0,0,0,0.352476144,0,0,0,0,0,0,13,1,16,0,0,0,0,,,
2,Secondary Dryland Forest,2,Logged-over forest,-3.522881574,104.5857493,1,39,12,0,0,0,0,0,0,0,0,0,0,11,0,17,0,0,0,0,,,
6,Secondary Swamp Forest,2,Logged-over forest,-3.6085632,104.5882776,0,20,5,0,0,0,0.333557692,1,0,0,37,0,0,13,1,14,0,0,0,0,,,
6,Secondary Swamp Forest,2,Logged-over forest,-3.133914189,104.698792,0,16,0,0,0.404903153,0,0,0,0,0,35,0,0,12,0,4,0,0,0,0,,,
6,Secondary Swamp Forest,2,Logged-over forest,-3.116113457,104.7014184,0,11,0,0,0.09796794,1,0,0,0,0,16,0,0,13,0,6,0,0,0,0,,,
6,Secondary Swamp Forest,2,Logged-over forest,-3.312197967,104.5681715,0,4,0,0,0,0,0.778539415,0,0,0,30,0,0,11,1,13,0,1,0,0,,,
6,Secondary Swamp Forest,2,Logged-over forest,-3.176297944,104.6819054,0,13,5,0,0,0,0.073319893,1,0,0,26,0,0,21,1,8,0,0,0,0,,,
6,Secondary Swamp Forest,2,Logged-over forest,-3.159669956,104.7065731,0,11,0,0,0.200487787,1,0,0,1,0,27,0,0,11,0,5,0,0,0,0,,,
6,Secondary Swamp Forest,2,Logged-over forest,-3.143224792,104.6885628,0,14,0,0,0.340227041,0,0,0,0,0,32,0,0,12,0,3,0,0,0,0,,,
6,Secondary Swamp Forest,2,Logged-over forest,-3.138212762,104.6814149,0,12,0,0,0.581288431,1,0,0,0,0,16,0,0,12,0,6,0,0,0,0,,,
6,Secondary Swamp Forest,2,Logged-over forest,-3.117892639,104.7016637,0,14,0,0,0.806531273,0,0.330184158,1,0,0,38,0,0,13,1,4,0,0,0,0,,,
6,Secondary Swamp Forest,2,Logged-over forest,-3.527175688,104.5817451,0,22,0,0,0.213838554,0,0,0,0,0,15,0,0,11,0,15,0,0,0,0,,,
6,Secondary Swamp Forest,2,Logged-over forest,-3.138810282,104.6795777,0,13,0,0,0.444114154,1,0,0,0,0,21,0,0,11,0,4,0,0,0,0,,,
16,Mixed/home Garden,4,Tree-based not oil palm,-3.355295179,104.7996435,0,14,0,0,0,0,0.678340712,0,0,0,0,0,0,21,1,12,0,1,0,0,,,
16,Mixed/home Garden,4,Tree-based not oil palm,-3.30236119,104.7122362,0,11,0,0,0,0,0.127397547,1,0,0,0,0,0,21,1,12,0,1,0,0,,,
16,Mixed/home Garden,4,Tree-based not oil palm,-3.263642816,104.6821016,0,14,0,0,0,0,0.222205296,1,0,0,0,0,0,21,1,7,0,1,0,0,,,
16,Mixed/home Garden,4,Tree-based not oil palm,-3.212697586,104.6308576,0,13,0,0,0.002442628,1,0,0,0,0,0,0,0,21,0,13,0,1,0,0,,,
16,Mixed/home Garden,4,Tree-based not oil palm,-3.21188603,104.6311162,0,13,0,0,0.813656326,1,0,0,0,0,0,0,0,21,0,16,0,1,0,0,,,
16,Mixed/home Garden,4,Tree-based not oil palm,-3.064615299,104.7135739,0,12,0,0,0,0,0,0,0,0,0,0,0,12,1,8,0,1,0,0,,,
16,Mixed/home Garden,4,Tree-based not oil palm,-3.545337606,104.5897179,1,35,7,0,0,0,0,0,0,0,0,0,0,11,0,16,0,1,0,1,,,
16,Mixed/home Garden,4,Tree-based not oil palm,-3.135684452,104.6994698,0,19,0,0,0.088304452,0,0.48056261,1,0,0,0,0,0,12,1,5,0,1,0,0,,,
16,Mixed/home Garden,4,Tree-based not oil palm,-3.402936214,104.7357936,0,23,3,0,0,1,0.763177373,0,0,0,0,0,0,12,1,18,0,1,0,0,,,
15,Rubber agroforestry,4,Tree-based not oil palm,-3.360458818,104.7683852,1,10,6,0,0,0,0.119912795,1,0,0,0,0,0,21,1,19,0,1,0,0,,,1
15,Rubber agroforestry,4,Tree-based not oil palm,-3.385786512,104.7393877,1,25,6,0,0,0,0,0,0,0,0,0,0,11,0,30,9,1,0,1,,,1
9,Oil palm monoculture,9,Oil Palm monoculture,-3.394214213,104.6642696,1,10,6,0,0,0,0.084783848,0,0,0,0,0,0,11,1,18,0,1,0,0,,,
8,Rubber monoculture,4,Tree-based not oil palm,-3.77786189,104.507064,1,14,7,0,0,0,0.805048795,1,0,0,0,0,0,12,1,38,0,0,0,0,,,0
8,Rubber monoculture,4,Tree-based not oil palm,-3.702784006,104.5647024,0,35,4,0,0,0,0.004271151,0,0,0,0,0,0,11,1,23,0,0,0,0,,,0
8,Rubber monoculture,4,Tree-based not oil palm,-3.480306077,104.5933744,0,23,3,1,0,0,0,0,0,0,0,0,0,11,0,34,0,0,0,0,,,0
8,Rubber monoculture,4,Tree-based not oil palm,-3.459602471,104.595381,0,27,0,0,0.230282301,0,0,0,0,0,0,0,0,11,0,30,0,0,0,0,,,0
8,Rubber monoculture,4,Tree-based not oil palm,-3.414061671,104.7118973,0,12,0,0,0,1,0.637277433,0,0,0,0,0,0,11,1,22,0,0,0,1,,,0
8,Rubber monoculture,4,Tree-based not oil palm,-3.371793853,104.5459296,0,34,0,0,0.674397147,0,0,0,0,0,0,0,0,11,0,27,0,0,0,1,,,0
8,Rubber monoculture,4,Tree-based not oil palm,-3.33807413,104.7182515,1,37,6,0,0,0,0,0,0,0,0,0,0,11,0,13,0,0,0,1,,,0
8,Rubber monoculture,4,Tree-based not oil palm,-3.397710148,104.7378716,1,26,7,0,0,0,0.858950107,0,0,0,0,0,0,12,1,30,9,0,0,1,,,0
8,Rubber monoculture,4,Tree-based not oil palm,-3.391462947,104.7409796,1,22,9,0,0,0,0.259491556,0,0,0,0,0,0,11,1,23,0,0,0,1,,,0
8,Rubber monoculture,4,Tree-based not oil palm,-3.381287279,104.7443997,1,39,10,0,0,0,0.849317233,0,0,0,0,0,0,12,1,21,0,0,0,1,,,0
8,Rubber monoculture,4,Tree-based not oil palm,-3.378495881,104.7527828,0,32,5,0,0,0,0.752257825,0,0,0,0,0,0,12,1,19,0,0,0,0,,,0
8,Rubber monoculture,4,Tree-based not oil palm,-3.390325877,104.5794798,0,21,0,0,0.775632524,0,0,0,0,0,0,0,0,23,0,27,0,0,0,1,,,0
8,Rubber monoculture,4,Tree-based not oil palm,-3.388626959,104.5574474,0,25,5,0,0.763872265,0,0,0,0,0,0,0,0,11,0,28,0,0,0,1,,,0
8,Rubber monoculture,4,Tree-based not oil palm,-3.357462302,104.5433522,0,12,0,0,0.661020896,1,0,0,0,0,0,0,0,11,0,33,0,0,0,1,,,0
8,Rubber monoculture,4,Tree-based not oil palm,-3.347629984,104.7030371,0,14,0,0,0.323143646,1,0,0,0,0,0,0,0,11,0,20,0,0,0,1,,,0
8,Rubber monoculture,4,Tree-based not oil palm,-3.340499881,104.714546,0,17,0,0,0.898038355,0,0,0,0,0,0,0,0,11,0,15,0,0,0,0,,,0
8,Rubber monoculture,4,Tree-based not oil palm,-3.321878675,104.7470261,0,25,3,0,0,0,0.602335135,1,0,0,0,0,0,21,1,13,0,0,0,1,,,0
8,Rubber monoculture,4,Tree-based not oil palm,-3.312206885,104.663962,0,19,0,0,0.801199442,0,0,0,0,0,0,0,0,21,0,12,0,0,0,0,,,0
8,Rubber monoculture,4,Tree-based not oil palm,-3.716905979,104.5575901,0,14,0,0,0.875626113,0,0.236631294,1,0,0,0,0,0,12,1,17,0,0,0,0,,,0
8,Rubber monoculture,4,Tree-based not oil palm,-3.682669001,104.5644705,0,17,5,0,0.817373307,1,0,0,0,0,0,0,0,13,0,33,0,0,0,1,,,0
8,Rubber monoculture,4,Tree-based not oil palm,-3.63896981,104.5677791,0,22,0,0,0.293054992,1,0,0,0,0,0,0,0,11,0,18,0,0,0,0,,,0
8,Rubber monoculture,4,Tree-based not oil palm,-3.597170197,104.5846747,1,17,9,0,0,0,0.098773204,1,0,0,0,0,0,13,1,23,0,0,0,0,,,0
8,Rubber monoculture,4,Tree-based not oil palm,-3.553818817,104.5855888,1,45,11,0,0,0,0,0,0,0,0,0,0,13,0,18,21,0,0,1,,,0
8,Rubber monoculture,4,Tree-based not oil palm,-3.472029985,104.5979316,0,26,5,0,0.596711705,0,0,0,0,0,0,0,0,11,0,30,0,0,0,1,,,0
8,Rubber monoculture,4,Tree-based not oil palm,-3.443242029,104.65017,1,15,6,0,0,0,0.315261889,0,0,0,0,0,0,21,1,24,0,0,0,0,,,0
8,Rubber monoculture,4,Tree-based not oil palm,-3.439081687,104.6335331,0,31,0,0,0.734659388,0,0,0,0,0,0,0,0,12,0,27,0,0,0,1,,,0
8,Rubber monoculture,4,Tree-based not oil palm,-3.426886046,104.6921123,0,11,0,0,0.774836731,1,0,0,0,0,0,0,0,12,0,22,0,0,0,0,,,0
8,Rubber monoculture,4,Tree-based not oil palm,-3.404599459,104.6969994,0,19,0,0,0,0,0.110407352,0,0,0,0,0,0,12,1,10,0,0,0,1,,,0
8,Rubber monoculture,4,Tree-based not oil palm,-3.401839275,104.6324762,1,22,8,0,0,0,0,0,0,0,0,0,0,11,0,16,0,0,0,0,,,0
8,Rubber monoculture,4,Tree-based not oil palm,-3.362710664,104.6783649,0,23,5,0,0.157409947,1,0,0,0,0,0,0,0,11,0,17,0,0,0,1,,,0
8,Rubber monoculture,4,Tree-based not oil palm,-3.355161406,104.6905248,0,17,0,0,0.228354631,0,0,0,0,0,0,0,0,11,0,21,0,0,0,1,,,0
8,Rubber monoculture,4,Tree-based not oil palm,-3.384167858,104.7470306,0,21,0,0,0.813869559,0,0,0,0,0,0,0,0,11,0,20,0,0,0,0,,,0
8,Rubber monoculture,4,Tree-based not oil palm,-3.372792691,104.7562609,1,14,6,0,0,0,0.003840056,1,0,0,0,0,0,12,1,16,0,0,0,0,,,0
8,Rubber monoculture,4,Tree-based not oil palm,-3.36600148,104.7602785,0,29,3,0,0,0,0.240267252,0,0,0,0,0,0,21,1,20,0,0,0,1,,,0
8,Rubber monoculture,4,Tree-based not oil palm,-3.763958413,104.5271835,0,15,3,1,0,0,0,0,0,0,0,0,0,11,0,23,0,0,0,0,,,0
17,Paddy Field,18,Grass and savanna,-3.366215517,104.8112639,0,19,0,0,0.904494512,1,0.385790643,0,0,0,0,0,0,12,1,10,0,1,0,0,,,
17,Paddy Field,18,Grass and savanna,-3.091931752,104.7231654,0,11,0,0,0.928603433,0,0.184996609,0,0,0,0,0,0,21,1,5,0,0,0,0,,,
13,Other Cropland,13,Cropland,-3.40920571,104.704785,0,7,0,0,0.925381701,1,0.334093151,0,0,0,0,0,0,13,1,16,0,0,0,0,,,
13,Other Cropland,13,Cropland,-3.406516872,104.6314462,0,8,0,0,0.991893573,1,0.194048064,0,0,0,0,0,0,11,1,22,0,1,0,0,,,
13,Other Cropland,13,Cropland,-3.390910019,104.6829087,0,9,0,0,0.94599694,1,0.528707654,0,0,0,0,0,0,11,1,19,0,1,0,0,,,
13,Other Cropland,13,Cropland,-3.327470388,104.5422686,0,7,0,0,0.960167469,1,0.303906002,0,0,0,0,0,0,11,1,24,0,1,0,0,,,
13,Other Cropland,13,Cropland,-3.316041712,104.5427993,0,5,0,0,0.919932213,1,0.785686745,0,0,0,0,0,0,11,1,23,0,1,0,0,,,
13,Other Cropland,13,Cropland,-3.306410054,104.5942127,0,7,0,0,0.911279101,1,0.030826843,0,0,0,0,0,0,11,1,27,0,1,0,0,,,
13,Other Cropland,13,Cropland,-3.483373938,104.5726663,0,9,0,0,0.901254667,1,0,0,0,0,0,0,0,11,1,33,0,1,0,0,,,
13,Other Cropland,13,Cropland,-3.43033739,104.6438871,0,10,0,0,0.942662325,1,0.178631926,0,0,0,0,0,0,11,1,24,0,1,0,0,,,
13,Other Cropland,13,Cropland,-3.430154567,104.6535321,0,10,0,0,0.948235702,1,0.251571811,0,0,0,0,0,0,11,1,24,0,1,0,0,,,
13,Other Cropland,13,Cropland,-3.411613625,104.6610368,0,10,0,0,0.979203253,1,0.005897654,0,0,0,0,0,0,11,1,24,0,1,0,0,,,
13,Other Cropland,13,Cropland,-3.399725662,104.6583123,0,8,0,0,0.961788605,1,0.254758804,0,0,0,0,0,0,11,1,27,0,1,0,0,,,
13,Other Cropland,13,Cropland,-3.399315424,104.6915326,0,14,0,0,0.93585615,1,0,0,0,0,0,0,0,12,0,12,0,0,0,0,,,
13,Other Cropland,13,Cropland,-3.387552316,104.6648716,0,10,0,0,0.968445577,1,0,0,0,0,0,0,0,11,1,23,0,1,0,0,,,
13,Other Cropland,13,Cropland,-3.381947226,104.6749938,0,8,0,0,0.936443355,1,0.235080322,0,0,0,0,0,0,12,1,19,0,1,0,0,,,
13,Other Cropland,13,Cropland,-3.376150394,104.6562076,1,15,7,0,0.928258007,0,0,0,0,0,0,0,0,11,0,18,0,0,0,1,,,
13,Other Cropland,13,Cropland,-3.365582325,104.673549,1,13,10,0,0.942166319,0,0,0,0,0,0,0,0,11,0,18,0,0,0,1,,,
13,Other Cropland,13,Cropland,-3.364690505,104.6894636,0,10,0,0,0.986152793,1,0.142742876,0,0,0,0,0,0,11,1,22,0,1,0,0,,,
13,Other Cropland,13,Cropland,-3.359718607,104.69481,0,11,0,0,0.903354056,1,0.445262375,0,0,0,0,0,0,11,1,19,0,1,0,0,,,
13,Other Cropland,13,Cropland,-3.357052064,104.6978645,0,9,0,0,0.944732312,1,0.536668708,0,0,0,0,0,0,11,1,21,0,1,0,0,,,
13,Other Cropland,13,Cropland,-3.355629611,104.7043748,0,12,0,0,0.947431171,1,0.06413051,0,0,0,0,0,0,11,1,20,0,1,0,0,,,
13,Other Cropland,13,Cropland,-3.309032005,104.5838497,0,7,0,0,0.957036788,1,0.431456977,0,0,0,0,0,0,11,1,23,0,1,0,0,,,
13,Other Cropland,13,Cropland,-3.307078919,104.6095565,0,9,0,0,0.941870601,1,0.239459394,0,0,0,0,0,0,12,1,26,0,1,0,0,,,
13,Other Cropland,13,Cropland,-3.300341217,104.6245346,0,12,0,0,0.930334429,1,0,0,0,0,0,0,0,11,0,17,0,0,0,0,,,
13,Other Cropland,13,Cropland,-3.42627069,104.682766,0,9,0,0,0.922324198,1,0.403099524,0,0,0,0,0,0,12,1,19,0,1,0,0,,,
13,Other Cropland,13,Cropland,-3.420456022,104.6359633,0,9,0,0,0.942885031,1,0,0,0,0,0,0,0,11,1,29,0,1,0,0,,,
13,Other Cropland,13,Cropland,-3.419301115,104.696772,0,14,0,0,0.931572046,1,0.115696806,0,0,0,0,0,0,11,1,17,0,1,0,0,,,
13,Other Cropland,13,Cropland,-3.414819719,104.6530015,0,11,0,0,0.925940051,1,0.494358646,0,0,0,0,0,0,11,1,26,0,1,0,0,,,
13,Other Cropland,13,Cropland,-3.413160933,104.6374794,0,5,0,0,0.934751565,1,0.471507959,0,0,1,0,0,0,11,1,26,0,1,0,0,,,
13,Other Cropland,13,Cropland,-3.410472095,104.630318,0,12,0,0,0.922093102,1,0,0,0,0,0,0,0,11,1,21,0,1,0,0,,,
13,Other Cropland,13,Cropland,-3.408978296,104.6445515,0,5,0,0,0.959226255,1,0.170973187,0,0,0,0,0,0,11,1,28,0,1,0,0,,,
13,Other Cropland,13,Cropland,-3.386910205,104.6815085,0,12,0,0,0.917442043,1,0,0,0,0,0,0,0,11,1,19,0,1,0,0,,,
13,Other Cropland,13,Cropland,-3.382629468,104.659213,0,7,0,0,0.961349497,1,0,0,0,0,0,0,0,11,1,21,0,1,0,0,,,
13,Other Cropland,13,Cropland,-3.380970683,104.6771832,0,12,0,0,0.997307832,1,0.032082348,0,0,0,0,0,0,11,1,22,0,1,0,0,,,
13,Other Cropland,13,Cropland,-3.37919596,104.657853,0,13,0,0,0.954491962,1,0,0,0,0,0,0,0,11,1,21,0,1,0,0,,,
13,Other Cropland,13,Cropland,-3.372480554,104.6623701,0,7,0,0,0.921988096,1,0,0,1,0,0,0,0,11,0,20,0,0,0,0,,,
13,Other Cropland,13,Cropland,-3.368150767,104.6694065,0,20,0,0,0.997147299,0,0,0,0,0,0,0,0,11,0,12,0,0,0,0,,,
13,Other Cropland,13,Cropland,-3.364587945,104.6828775,0,10,0,0,0.907026918,1,0.413441897,0,0,0,0,0,0,11,1,29,0,1,0,0,,,
13,Other Cropland,13,Cropland,-3.351772489,104.7073312,0,9,0,0,0.97647024,1,0.611985782,0,0,0,0,0,0,11,1,11,0,1,0,0,,,
13,Other Cropland,13,Cropland,-3.34710381,104.5428572,0,10,0,0,0.972164909,1,0.432627203,0,0,1,0,0,0,11,1,27,0,1,0,0,,,
13,Other Cropland,13,Cropland,-3.316853268,104.6363467,0,11,0,0,0.927650902,1,0.309288837,0,0,0,0,0,0,11,1,17,0,1,0,0,,,
13,Other Cropland,13,Cropland,-3.314993823,104.6326502,0,11,0,0,0.956713032,1,0.116866911,0,0,0,0,0,0,11,1,24,0,1,0,0,,,
13,Other Cropland,13,Cropland,-3.309571556,104.6153934,0,15,0,0,0.93593312,1,0,0,1,0,0,0,0,11,1,18,0,1,0,0,,,
13,Other Cropland,13,Cropland,-3.305553906,104.6247442,0,9,0,0,0.97315326,1,0.074064076,0,0,0,0,0,0,11,1,22,0,1,0,0,,,
13,Other Cropland,13,Cropland,-3.218463204,104.6639307,0,18,0,0,0.979928018,0,0,0,0,0,0,0,0,21,0,11,0,0,0,0,,,
13,Other Cropland,13,Cropland,-3.379588361,104.7391692,0,45,0,0,0.997172743,0,0,0,0,0,0,0,0,11,0,36,0,0,0,0,,,
13,Other Cropland,13,Cropland,-3.230199558,104.6709226,0,13,0,0,0.969558247,1,0,0,1,0,0,0,0,21,0,9,0,0,0,1,,,
13,Other Cropland,13,Cropland,-3.229566365,104.6742759,0,19,0,0,0.939963748,1,0,0,0,0,0,0,0,21,0,6,0,0,0,0,,,
18,Grass or Savanna,18,Grass and savanna,-3.304911796,104.6773794,0,14,0,0,0.972051169,1,0,0,0,0,0,0,0,21,0,16,0,0,0,0,,,
18,Grass or Savanna,18,Grass and savanna,-3.410739641,104.721413,0,16,0,0,0.934202666,0,0,0,0,0,0,0,0,12,0,19,0,0,0,1,,,
18,Grass or Savanna,18,Grass and savanna,-3.300345676,104.6854325,0,17,0,0,0.951260494,0,0,0,0,0,0,0,0,21,0,7,0,0,0,0,,,
18,Grass or Savanna,18,Grass and savanna,-3.155946607,104.6985378,0,15,0,0,0.914064568,1,0,0,0,0,0,0,0,12,0,4,0,0,0,0,,,
18,Grass or Savanna,18,Grass and savanna,-3.133236405,104.698306,0,16,0,0,0.945660001,1,0,0,0,0,0,0,0,12,0,6,0,0,0,0,,,
18,Grass or Savanna,18,Grass and savanna,-3.100519981,104.7082497,0,11,0,0,0.904767561,0,0,0,0,0,0,0,0,21,0,4,0,0,0,0,,,
21,Cleared Land,21,Cleared land,-3.129851948,104.6986404,0,18,0,0,0.28601529,0,0,0,1,0,0,0,0,13,0,3,0,0,0,0,,,
21,Cleared Land,21,Cleared land,-3.383298333,104.7336354,0,22,0,0,0.014810259,0,0,0,1,0,0,0,0,11,0,33,0,0,0,0,,,
21,Cleared Land,21,Cleared land,-3.379971844,104.7353878,0,46,0,0,0.205560885,1,0,0,1,0,0,0,0,11,0,30,0,0,0,0,,,
21,Cleared Land,21,Cleared land,-3.441507438,104.6032558,1,41,6,0,0,0,0,0,1,0,0,0,0,22,0,18,0,0,0,1,,,
21,Cleared Land,21,Cleared land,-3.41520766,104.7071528,0,9,0,0,0,1,0.132218147,0,1,0,0,0,0,13,1,24,0,1,0,1,,,
21,Cleared Land,21,Cleared land,-3.408055262,104.7272054,0,21,0,0,0.7579873,1,0,0,1,0,0,0,0,11,0,17,0,0,0,1,,,
20,Settlement,20,Settlement,-3.744766442,104.5399767,0,12,0,0,0,0,0.9643,1,0,0,0,0,0,13,1,20,0,0,0,0,,,
20,Settlement,20,Settlement,-3.72533368,104.5542681,1,12,6,0,0,0,0.9312,1,0,0,0,0,0,13,1,20,0,0,0,0,,,
20,Settlement,20,Settlement,-3.692224854,104.5623257,1,19,8,0,0,0,0.9103,1,0,0,0,0,0,13,1,31,0,0,0,1,,,
20,Settlement,20,Settlement,-3.666914997,104.5662809,0,13,0,0,0,0,0.9463,1,0,0,0,0,0,13,1,25,0,0,0,0,,,
20,Settlement,20,Settlement,-3.620687496,104.5827974,0,6,0,0,0.629856277,1,0.9243,1,0,0,0,0,0,13,1,18,0,0,0,0,,,
20,Settlement,20,Settlement,-3.582120731,104.5911315,1,15,10,0,0,0,0.9440,1,0,0,0,0,0,13,1,17,0,0,0,0,,,
20,Settlement,20,Settlement,-3.538292227,104.5916443,0,15,0,0,0,0,0.9134,1,0,0,0,0,0,13,1,18,0,0,0,0,,,
20,Settlement,20,Settlement,-3.509245643,104.5926565,0,6,5,0,0,0,0.9737,1,0,0,0,0,0,13,1,17,0,0,0,0,,,
20,Settlement,20,Settlement,-3.502231477,104.6018779,0,20,0,0,0,0,0.9223,1,0,0,0,0,0,13,1,18,0,0,0,0,,,
20,Settlement,20,Settlement,-3.441672425,104.6703741,0,11,0,0,0,0,0.9364,1,0,0,0,0,0,23,1,24,0,0,0,0,,,
20,Settlement,20,Settlement,-3.390941232,104.5812456,0,16,0,0,0,0,0.9733,1,0,0,0,0,0,23,1,25,0,0,0,0,,,
20,Settlement,20,Settlement,-3.33386028,104.7747885,0,14,0,0,0,0,0.9424,1,0,0,0,0,0,23,1,16,0,0,0,0,,,
20,Settlement,20,Settlement,-3.314583586,104.7323557,0,6,0,0,0,0,0.9747,1,0,0,0,0,0,21,1,11,0,0,0,0,,,
20,Settlement,20,Settlement,-3.308505831,104.6992513,0,9,0,0,0,0,0.9455,1,0,0,0,0,0,21,1,12,0,0,0,0,,,
20,Settlement,20,Settlement,-3.297161878,104.6898337,0,16,0,0,0,0,0.9529,1,0,0,0,0,0,21,1,12,0,0,0,0,,,
20,Settlement,20,Settlement,-3.278986582,104.6890845,0,11,0,0,0,0,0.9023,1,0,0,0,0,0,21,1,13,0,0,0,0,,,
20,Settlement,20,Settlement,-3.245356042,104.6700353,0,10,0,0,0,0,0.9576,1,0,0,0,0,0,23,1,16,0,0,0,0,,,
20,Settlement,20,Settlement,-3.233896152,104.6651971,0,10,0,0,0,0,0.9945,1,0,0,0,0,0,23,1,10,0,0,0,0,,,
20,Settlement,20,Settlement,-3.209915107,104.6439138,0,8,0,0,0,0,0.9973,1,0,0,0,0,0,23,1,17,0,0,0,0,,,
20,Settlement,20,Settlement,-3.20831429,104.6506025,0,6,0,0,0,0,0.9734,1,0,0,0,0,0,23,1,10,0,0,0,0,,,
20,Settlement,20,Settlement,-3.199275692,104.6583346,0,7,0,0,0,0,0.9175,1,0,0,0,0,0,23,1,14,0,0,0,0,,,
20,Settlement,20,Settlement,-3.185987571,104.6748332,1,9,6,0,0,0,0.9451,1,0,0,0,0,0,23,1,12,0,0,0,0,,,
20,Settlement,20,Settlement,-3.349730221,104.7734641,0,14,0,0,0,0,0.9583,1,0,0,0,0,0,21,1,19,0,0,0,0,,,
20,Settlement,20,Settlement,-3.339839934,104.7744184,0,12,0,0,0,0,0.9525,1,0,0,0,0,0,23,1,20,0,0,0,0,,,
20,Settlement,20,Settlement,-3.443536329,104.6577906,1,16,7,0,0,0,0.9066,1,0,0,0,0,0,21,1,26,0,0,0,0,,,
20,Settlement,20,Settlement,-3.43480095,104.6807639,0,17,0,0,0,0,0.9493,1,0,0,0,0,0,21,1,19,0,0,0,1,,,
23,Waterbody,23,Waterbody,-3.560034804,104.5903734,0,7,0,0,0,1,0.213406567,1,0,0,0,0,0,13,1,20,0,0,0,0,,,
23,Waterbody,23,Waterbody,-3.433253642,104.6654201,0,15,0,0,0,0,0.802966082,1,0,0,0,0,0,23,1,13,0,0,0,0,,,
23,Waterbody,23,Waterbody,-3.405928271,104.6646799,0,2,0,0,0,0,0,0,0,0,0,0,0,11,1,15,0,1,0,0,,,
23,Waterbody,23,Waterbody,-3.377216119,104.6692237,0,8,0,0,0,0,0,0,0,0,0,0,0,11,1,17,0,1,0,0,,,
23,Waterbody,23,Waterbody,-3.341801939,104.7845048,0,,0,0,0,0,0.175396632,0,0,0,0,0,0,23,1,9,0,0,0,0,,,
23,Waterbody,23,Waterbody,-3.491123856,104.6021544,0,29,0,0,0,0,0.72481906,0,0,0,0,0,0,11,1,20,0,0,0,1,,,
23,Waterbody,23,Waterbody,-3.655851967,104.5630302,0,30,0,0,0.203164819,1,0,0,0,0,0,0,0,11,0,19,0,0,0,0,,,
23,Waterbody,23,Waterbody,-3.381902635,104.6701646,0,7,0,0,0,0,0,0,0,0,0,0,0,12,1,13,0,1,0,0,,,
23,Waterbody,23,Waterbody,-3.390945692,104.6896062,0,9,0,0,0,1,0,0,0,0,1,0,0,11,1,13,0,1,0,0,,,
23,Waterbody,23,Waterbody,-3.503301661,104.6102655,0,10,0,0,0,0,0,0,0,0,24,0,0,11,0,12,0,0,0,0,,,
23,Waterbody,23,Waterbody,-3.50424699,104.599742,0,,0,0,0,1,0,0,0,0,86,0,0,13,0,20,0,0,0,0,,,
23,Waterbody,23,Waterbody,-3.614779187,104.596906,0,,0,0,0,1,0,0,0,0,76,0,0,11,0,17,0,0,0,0,,,
23,Waterbody,23,Waterbody,-3.429235992,104.7865293,0,,0,0,0,1,0,0,0,2,92,0,0,21,0,11,0,0,0,0,,,
23,Waterbody,23,Waterbody,-3.433240265,104.7689114,0,,0,0,0,1,0,0,0,0,91,0,0,21,0,12,0,0,0,0,,,
23,Waterbody,23,Waterbody,-3.415912198,104.7864579,0,,0,0,0,1,0,0,0,0,85,0,0,21,0,10,0,0,0,0,,,
23,Waterbody,23,Waterbody,-3.432294936,104.7456928,0,,0,0,0,1,0,0,0,0,82,0,0,21,0,18,0,0,0,0,,,
23,Waterbody,23,Waterbody,-3.302066889,104.7507138,0,,0,0,0,1,0,0,0,0,88,0,0,21,0,8,0,0,0,0,,,
23,Waterbody,23,Waterbody,-3.295989135,104.745947,0,,0,0,0,1,0,0,0,2,90,0,0,21,0,8,0,0,0,0,,,
23,Waterbody,23,Waterbody,-3.257993135,104.7504953,0,,0,0,0,1,0,0,0,0,89,0,0,12,0,8,0,0,0,0,,,
23,Waterbody,23,Waterbody,-3.269091837,104.5862042,0,,0,0,0,1,0,0,0,0,63,0,0,11,0,1,0,0,0,0,,,
23,Waterbody,23,Waterbody,-3.277720198,104.5981768,0,,0,0,0,1,0,0,0,0,74,0,0,13,0,1,0,0,0,0,,,
23,Waterbody,23,Waterbody,-3.532379459,104.5330963,0,36,0,0,0,1,0,0,0,1,29,0,0,11,0,19,0,0,0,0,,,
23,Waterbody,23,Waterbody,-3.739272829,104.5479629,0,,0,0,0,1,0,0,0,0,80,0,0,13,0,20,0,0,0,0,,,
23,Waterbody,23,Waterbody,-3.746331586,104.5431248,0,7,0,0,0,1,0,0,0,0,72,0,0,13,0,16,0,0,0,0,,,
23,Waterbody,23,Waterbody,-3.731304416,104.5621562,0,22,0,0,0,1,0,0,0,1,77,0,0,11,0,24,0,0,0,0,,,
23,Waterbody,23,Waterbody,-3.768167804,104.5315133,0,9,0,0,0,1,0,0,0,0,75,0,0,11,0,21,0,0,0,0,,,
23,Waterbody,23,Waterbody,-3.632414932,104.5726351,0,18,0,0,0,1,0,0,0,0,25,0,0,11,0,21,0,0,0,0,,,
23,Waterbody,23,Waterbody,-3.47984233,104.6376399,0,0,0,0,0,1,0,0,0,0,37,0,0,11,0,14,0,0,0,0,,,
23,Waterbody,23,Waterbody,-3.467307797,104.6459071,0,,0,0,0,1,0,0,0,0,80,0,0,11,0,20,0,0,0,0,,,
23,Waterbody,23,Waterbody,-3.406124472,104.6627758,0,,0,0,0,1,0,0,0,0,24,0,0,11,0,13,0,0,0,0,,,
23,Waterbody,23,Waterbody,-3.406307295,104.663409,0,,0,0,0,1,0,0,0,0,15,0,0,11,0,15,0,0,0,0,,,
23,Waterbody,23,Waterbody,-3.374059076,104.6653755,0,,0,0,0,1,0,0,0,0,10,0,0,11,0,15,0,0,0,0,,,
23,Waterbody,23,Waterbody,-3.372529604,104.6656341,0,,0,0,0,1,0,0,0,0,7,0,0,11,0,14,0,0,0,0,,,
23,Waterbody,23,Waterbody,-3.241066387,104.7212436,0,20,0,0,0,0,0,0,0,0,41,0,0,11,0,4,0,0,0,0,,,
23,Waterbody,23,Waterbody,-3.533726107,104.4895308,0,,0,0,0,1,0,0,0,0,68,0,0,11,0,17,0,0,0,0,,,
23,Waterbody,23,Waterbody,-3.556819792,104.4150371,0,10,0,0,0,1,0,0,0,0,57,0,0,11,0,21,0,0,0,0,,,
23,Waterbody,23,Waterbody,-3.459459779,104.69481,0,,0,0,0,1,0,0,0,1,82,0,0,11,0,11,0,0,0,0,,,
23,Waterbody,23,Waterbody,-3.388760732,104.7698879,0,,0,0,0,1,0,0,0,0,88,0,0,11,0,10,0,0,0,0,,,
23,Waterbody,23,Waterbody,-3.402267349,104.7546735,0,28,0,0,0,0,0,0,0,0,7,0,0,12,0,7,0,0,0,0,,,
20,Settlement,20,Settlement,-3.541061329,104.4695853,0,6,0,0,0,1,0.9089,1,0,2,70,0,0,13,1,15,0,0,0,0,,,
20,Settlement,20,Settlement,-3.312095408,104.676657,0,13,0,0,0,0,0.9529,1,0,0,0,0,0,21,1,13,0,0,0,0,,,
23,Waterbody,23,Waterbody,-3.117370924,104.7768173,0,,0,0,0,1,0,0,0,3,96,0,0,21,0,3,0,0,0,0,,,
23,Waterbody,23,Waterbody,-3.116336412,104.7816688,0,,0,0,0,1,0,0,0,2,97,0,0,21,0,3,0,0,0,0,,,
23,Waterbody,23,Waterbody,-3.144486717,104.7610946,0,,0,0,0,1,0,0,0,2,71,0,0,21,0,4,0,0,0,0,,,
23,Waterbody,23,Waterbody,-3.155028032,104.7599263,0,,0,0,0,1,0,0,0,2,94,0,0,21,0,4,0,0,0,0,,,
23,Waterbody,23,Waterbody,-3.172632563,104.7581159,0,,0,0,0,1,0,0,0,2,89,0,0,21,0,4,0,0,0,0,,,
23,Waterbody,23,Waterbody,-3.54700531,104.433043,0,12,0,0,0,1,0,0,0,1,63,0,0,11,0,17,0,0,0,0,,,
23,Waterbody,23,Waterbody,-3.543059006,104.4192955,0,19,0,0,0,1,0,0,0,0,14,0,0,11,0,13,0,0,0,0,,,
23,Waterbody,23,Waterbody,-3.557711612,104.568176,0,10,0,0,0,1,0,0,0,2,64,0,0,11,0,10,0,0,0,0,,,
23,Waterbody,23,Waterbody,-3.169961562,104.7572999,0,,0,0,0,0,0,0,0,2,94,0,0,11,0,4,0,0,0,0,,,
23,Waterbody,23,Waterbody,-3.182839445,104.764916,0,,0,0,0,1,0,0,0,1,66,0,0,21,0,12,0,0,0,0,,,
23,Waterbody,23,Waterbody,-3.203752629,104.7605595,0,,0,0,0,1,0,0,0,2,92,0,0,11,0,8,0,0,0,0,,,
23,Waterbody,23,Waterbody,-3.229383542,104.7567068,0,,0,0,0,1,0,0,0,0,91,0,0,12,0,7,0,0,0,0,,,
23,Waterbody,23,Waterbody,-3.262951655,104.6564172,0,9,0,0,0,1,0,0,0,0,48,0,0,11,0,2,0,0,0,0,,,
23,Waterbody,23,Waterbody,-3.241628234,104.6952203,0,,0,0,0,0,0,0,0,1,36,0,0,21,0,9,0,0,0,0,,,
23,Waterbody,23,Waterbody,-3.563468311,104.5634494,0,8,0,0,0,1,0,0,0,0,65,0,0,11,0,10,0,0,0,0,,,
23,Waterbody,23,Waterbody,-3.568725591,104.5679397,0,6,0,0,0,1,0,0,0,1,72,0,0,11,0,10,0,0,0,0,,,
23,Waterbody,23,Waterbody,-3.661318825,104.542117,0,2,0,0,0,1,0,0,0,1,71,0,0,11,0,17,0,0,0,0,,,
21,Cleared Land,21,Cleared land,-3.200038198,104.6395172,0,2,0,0,0,0,0.763086234,0,1,1,2,0,0,11,1,19,0,0,0,0,,,
21,Cleared Land,21,Cleared land,-3.212470172,104.6906809,0,24,0,0,0,1,0,0,1,0,20,0,0,11,0,13,0,0,0,0,,,
21,Cleared Land,21,Cleared land,-3.212496927,104.6923129,0,21,0,0,0,1,0,0,1,0,19,0,0,11,0,11,0,0,0,0,,,
17,Paddy Field,18,Grass and savanna,-3.106834068,104.7675469,0,5,0,0,0.938290698,1,0,0,0,0,18,0,0,21,1,3,0,1,0,0,,,
23,Waterbody,23,Waterbody,-3.779382443,104.5198081,0,14,0,0,0,1,0,0,0,0,62,0,0,11,0,25,0,0,0,0,,,
6,Secondary Swamp Forest,2,Logged-over forest,-3.569501475,104.6252926,0,32,0,0,0,0,0,0,0,0,19,0,0,11,0,13,0,0,0,0,,,
23,Waterbody,23,Waterbody,-3.394330149,104.6937532,0,,0,0,0,1,0,0,0,0,11,0,0,11,0,10,0,0,0,0,,,
23,Waterbody,23,Waterbody,-3.270692654,104.6072422,0,27,0,0,0,1,0,0,0,0,18,0,0,11,0,9,0,0,0,0,,,
23,Waterbody,23,Waterbody,-3.181733588,104.6888036,0,28,0,0,0,1,0,0,0,0,11,0,0,12,0,7,0,0,0,0,,,
23,Waterbody,23,Waterbody,-3.181252005,104.6888259,0,18,0,0,0,1,0,0,0,0,10,0,0,12,0,8,0,0,0,0,,,
23,Waterbody,23,Waterbody,-3.488778369,104.5206063,0,30,0,0,0,1,0,0,0,0,36,0,0,11,0,22,0,0,0,0,,,
23,Waterbody,23,Waterbody,-3.069203714,104.783399,0,5,0,0,0,1,0,0,0,0,31,0,0,21,1,3,0,1,0,0,,,
17,Paddy Field,18,Grass and savanna,-3.117045409,104.7952825,0,7,0,0,0.954605821,1,0,0,0,0,20,0,0,21,1,4,0,1,0,0,,,
17,Paddy Field,18,Grass and savanna,-3.107654543,104.7880409,0,13,0,0,0.93403791,0,0,0,0,0,11,0,0,21,1,5,0,1,0,0,,,
17,Paddy Field,18,Grass and savanna,-3.104809636,104.7840455,0,9,0,0,0.937391194,0,0,0,0,0,2,0,0,12,0,6,0,0,0,0,,,
17,Paddy Field,18,Grass and savanna,-3.083009091,104.7722245,0,8,0,0,0.942924976,1,0,0,0,0,34,0,0,12,1,3,0,1,0,0,,,
17,Paddy Field,18,Grass and savanna,-3.0831607,104.7709848,0,10,0,0,0.903397677,1,0,0,0,0,38,0,0,12,1,5,0,1,0,0,,,
17,Paddy Field,18,Grass and savanna,-3.061315564,104.7676717,0,,0,0,0.984100488,1,0,0,0,0,35,0,0,12,1,7,0,1,0,0,,,
17,Paddy Field,18,Grass and savanna,-3.098450958,104.7789176,0,8,0,0,0.968501486,1,0,0,0,0,15,0,0,21,1,4,0,1,0,0,,,
17,Paddy Field,18,Grass and savanna,-3.109861798,104.7714575,0,4,0,0,0.930881543,1,0,0,0,0,20,0,0,21,1,5,0,1,0,0,,,
17,Paddy Field,18,Grass and savanna,-3.105465124,104.7648447,0,15,0,0,0.918503358,1,0,0,0,0,5,0,0,12,1,4,0,1,0,0,,,
17,Paddy Field,18,Grass and savanna,-3.121678415,104.7490416,0,11,0,0,0.972262627,1,0,0,0,1,28,0,0,12,1,2,0,1,0,0,,,
17,Paddy Field,18,Grass and savanna,-3.126436276,104.7575451,0,6,0,0,0.932021934,1,0,0,0,0,29,0,0,12,1,5,0,1,0,0,,,
17,Paddy Field,18,Grass and savanna,-3.635286593,104.6109834,0,11,0,0,0.970860237,1,0,0,0,0,24,0,0,11,1,15,0,1,0,0,,,
17,Paddy Field,18,Grass and savanna,-3.636031263,104.6118752,0,11,0,0,0.913906367,1,0,0,0,0,10,0,0,11,1,12,0,1,0,0,,,
17,Paddy Field,18,Grass and savanna,-3.623715226,104.6049145,0,16,0,0,0.983480511,1,0,0,0,0,14,0,0,11,1,15,0,1,0,0,,,
17,Paddy Field,18,Grass and savanna,-3.589705662,104.5957065,0,9,0,0,0.907641536,1,0,0,0,0,26,0,0,11,1,12,0,1,0,0,,,
17,Paddy Field,18,Grass and savanna,-3.590762469,104.5945561,0,11,0,0,0.902404059,1,0,0,0,0,21,0,0,11,1,15,0,1,0,0,,,
17,Paddy Field,18,Grass and savanna,-3.588118222,104.5969328,0,10,0,0,0.928766288,1,0,0,0,0,12,0,0,11,1,15,0,1,0,0,,,
16,Mixed/home Garden,4,Tree-based not oil palm,-3.355491379,104.7936505,0,8,0,0,0,1,0.639091254,0,0,0,5,0,0,21,1,6,0,1,0,0,,,
17,Paddy Field,18,Grass and savanna,-3.060026884,104.7659773,0,8,0,0,0.917736413,1,0,0,0,0,35,0,0,12,1,4,0,1,0,0,,,
17,Paddy Field,18,Grass and savanna,-3.064775827,104.7803044,0,11,0,0,0.958841302,1,0,0,0,0,24,0,0,21,1,4,0,1,0,0,,,
17,Paddy Field,18,Grass and savanna,-3.060236462,104.7695535,0,,0,0,0.963121545,1,0,0,0,0,36,0,0,30,1,5,0,1,0,0,,,
9,Oil palm monoculture,9,Oil Palm monoculture,-3.0947722,104.7343578,0,13,0,0,0,1,0,0,0,0,4,0,0,12,1,5,0,1,0,0,,,
23,Waterbody,23,Waterbody,-3.660979933,104.5838141,0,9,0,0,0,1,0,0,0,0,30,0,0,11,1,16,0,1,0,0,,,
17,Paddy Field,18,Grass and savanna,-3.118053166,104.7964329,0,6,0,0,0.946137099,1,0,0,0,0,10,0,0,21,1,4,0,1,0,0,,,
23,Waterbody,23,Waterbody,-3.069582738,104.7833945,0,10,0,0,0,1,0,0,0,0,24,0,0,21,1,3,0,1,0,0,,,
17,Paddy Field,18,Grass and savanna,-3.102927895,104.7655715,0,6,0,0,0.959281918,1,0,0,0,0,11,0,0,12,1,4,0,1,0,0,,,
17,Paddy Field,18,Grass and savanna,-3.119016332,104.7524662,0,7,0,0,0.932157578,1,0,0,0,0,25,0,0,12,1,4,0,1,0,0,,,
17,Paddy Field,18,Grass and savanna,-3.624731901,104.6099266,0,11,0,0,0.922051613,1,0,0,0,0,12,0,0,11,1,13,0,1,0,0,,,
6,Secondary Swamp Forest,2,Logged-over forest,-3.649930281,104.5377649,0,24,0,0,0,0,0,0,0,0,34,0,0,11,0,10,0,0,0,0,,,
6,Secondary Swamp Forest,2,Logged-over forest,-3.648115427,104.5360571,0,27,0,0,0,0,0,0,0,0,32,0,0,11,0,19,0,0,0,0,,,
6,Secondary Swamp Forest,2,Logged-over forest,-3.572511368,104.5701514,0,17,0,0,0,0,0,0,0,0,26,0,0,11,0,11,0,0,0,0,,,
17,Paddy Field,18,Grass and savanna,-3.065145932,104.7626731,0,8,0,0,0.92791963,1,0,0,0,0,23,0,0,12,1,6,0,1,0,0,,,
17,Paddy Field,18,Grass and savanna,-3.062051316,104.7633375,0,9,0,0,0.952557478,1,0,0,0,0,22,0,0,12,1,4,0,1,0,0,,,
9,Oil palm monoculture,9,Oil Palm monoculture,-3.093505815,104.7348527,0,12,0,0,0,0,0,0,0,0,5,0,0,12,0,4,0,1,0,0,,,
9,Oil palm monoculture,9,Oil Palm monoculture,-3.092845868,104.7356821,0,15,0,0,0,1,0,0,0,0,5,0,0,12,0,4,0,1,0,0,,,
6,Secondary Swamp Forest,2,Logged-over forest,-3.159282015,104.7042187,0,11,0,0,0,0,0.55501598,1,0,0,35,0,0,12,1,4,0,0,0,0,,,
23,Waterbody,23,Waterbody,-3.254006698,104.6771341,0,11,0,0,0,1,0.715022123,0,0,0,8,0,0,23,1,7,0,0,0,0,,,
23,Waterbody,23,Waterbody,-3.534680355,104.5804698,0,17,0,0,0,0,0,0,0,0,1,0,0,11,0,19,0,0,0,0,,,
6,Secondary Swamp Forest,2,Logged-over forest,-3.657764921,104.5381618,0,27,0,0,0.41637896,0,0,0,0,0,36,0,0,11,0,16,0,0,0,0,,,
21,Cleared Land,21,Cleared land,-3.197585693,104.5785077,0,22,0,0,0.543542112,1,0,0,1,0,0,0,0,21,0,19,0,0,0,0,,,
21,Cleared Land,21,Cleared land,-3.114539395,104.7231387,0,15,0,0,0.860990895,0,0,0,1,0,0,0,0,11,0,7,0,0,0,0,,,
21,Cleared Land,21,Cleared land,-3.203164028,104.6337114,0,28,0,0,0,0,0,0,1,0,1,0,0,12,0,12,0,0,0,0,,,
